順位,スコア,子会社コード,子会社名,市場,時価総額(億円),PBR,親会社,親会社コード,持株比率(%),少数株主分の買収費用(億円),親時価総額比,親の解消実績(件),スコアの根拠
1,9,2892,日本食品化工,スタンダード,230.5,0.77,三菱商事,8058,60.68,90.6,0.001,4,親会社が直近3年で4社を解消済み / スタンダード市場(解消の約6割) / 買収費用が親の時価総額の5%未満 / PBR1倍割れ
2,9,5282,ジオスター,スタンダード,124.1,0.5,日本製鉄,5401,44.1,69.4,0.002,3,親会社が直近3年で3社を解消済み / スタンダード市場(解消の約6割) / 買収費用が親の時価総額の5%未満 / PBR1倍割れ
3,9,4113,田岡化学工業,スタンダード,115.1,0.59,住友化学,4005,50.58,56.9,0.006,2,親会社が直近3年で2社を解消済み / スタンダード市場(解消の約6割) / 買収費用が親の時価総額の5%未満 / PBR1倍割れ / 辛うじて過半数(解消ケースの最頻帯)
4,9,2653,イオン九州,スタンダード,962.9,1.61,イオン,8267,69.9,289.8,0.008,3,親会社が直近3年で3社を解消済み / スタンダード市場(解消の約6割) / 買収費用が親の時価総額の5%未満 / 2/3超保有(少数株主が僅少)
5,9,5449,大阪製鐵,スタンダード,766.2,0.63,日本製鉄,5401,55.58,340.3,0.009,3,親会社が直近3年で3社を解消済み / スタンダード市場(解消の約6割) / 買収費用が親の時価総額の5%未満 / PBR1倍割れ
6,9,3222,ユナイテッド・スーパーマーケット・ホールディングス,スタンダード,1741.7,0.85,イオン,8267,18.44,1420.5,0.039,3,親会社が直近3年で3社を解消済み / スタンダード市場(解消の約6割) / 買収費用が親の時価総額の5%未満 / PBR1倍割れ
7,8,2003,日東富士製粉,スタンダード,697.8,1.42,三菱商事,8058,64.74,246.0,0.001,4,親会社が直近3年で4社を解消済み / スタンダード市場(解消の約6割) / 買収費用が親の時価総額の5%未満
8,8,2393,日本ケアサプライ,スタンダード,694.7,3.86,三菱商事,8058,38.52,427.1,0.002,4,親会社が直近3年で4社を解消済み / スタンダード市場(解消の約6割) / 買収費用が親の時価総額の5%未満
9,8,6366,千代田化工建設,スタンダード,1814.3,2.83,三菱商事,8058,60.23,721.5,0.004,4,親会社が直近3年で4社を解消済み / スタンダード市場(解消の約6割) / 買収費用が親の時価総額の5%未満
10,8,2698,キャンドゥ,スタンダード,520.0,4.83,イオン,8267,35.55,335.1,0.009,3,親会社が直近3年で3社を解消済み / スタンダード市場(解消の約6割) / 買収費用が親の時価総額の5%未満
11,8,7512,イオン北海道,スタンダード,1192.3,1.56,イオン,8267,65.62,409.9,0.011,3,親会社が直近3年で3社を解消済み / スタンダード市場(解消の約6割) / 買収費用が親の時価総額の5%未満
12,8,8198,マックスバリュ東海,スタンダード,1063.4,1.11,イオン,8267,63.86,384.3,0.011,3,親会社が直近3年で3社を解消済み / スタンダード市場(解消の約6割) / 買収費用が親の時価総額の5%未満
13,8,8278,フジ,プライム,1771.9,0.79,イオン,8267,50.6,875.3,0.024,3,親会社が直近3年で3社を解消済み / 買収費用が親の時価総額の5%未満 / PBR1倍割れ / 辛うじて過半数(解消ケースの最頻帯)
14,7,3315,日本コークス工業,プライム,288.1,0.85,日本製鉄,5401,22.55,223.1,0.006,3,親会社が直近3年で3社を解消済み / 買収費用が親の時価総額の5%未満 / PBR1倍割れ
15,7,9632,スバル興業,スタンダード,454.9,1.19,東宝,9602,52.82,214.6,0.016,1,親会社が直近3年で1社を解消済み / スタンダード市場(解消の約6割) / 買収費用が親の時価総額の5%未満 / 辛うじて過半数(解消ケースの最頻帯)
16,7,7299,フジオーゼックス,スタンダード,177.5,0.54,大同特殊鋼,5471,47.9,92.5,0.019,1,親会社が直近3年で1社を解消済み / スタンダード市場(解消の約6割) / 買収費用が親の時価総額の5%未満 / PBR1倍割れ
17,7,7211,三菱自動車工業,プライム,4933.2,0.54,三菱商事,8058,26.67,3617.5,0.02,4,親会社が直近3年で4社を解消済み / 買収費用が親の時価総額の5%未満 / PBR1倍割れ
18,7,2588,プレミアムウォーターホールディングス,スタンダード,806.2,3.59,光通信,9435,29.62,567.4,0.034,2,親会社が直近3年で2社を解消済み / スタンダード市場(解消の約6割) / 買収費用が親の時価総額の5%未満
19,7,8570,イオンフィナンシャルサービス,プライム,3510.3,0.74,イオン,8267,49.99,1755.5,0.048,3,親会社が直近3年で3社を解消済み / 買収費用が親の時価総額の5%未満 / PBR1倍割れ
20,6,2281,プリマハム,プライム,1209.8,1.0,伊藤忠商事,8001,46.19,651.0,0.004,6,親会社が直近3年で6社を解消済み / 買収費用が親の時価総額の5%未満
21,6,4343,イオンファンタジー,プライム,540.6,6.87,イオン,8267,60.47,213.7,0.006,3,親会社が直近3年で3社を解消済み / 買収費用が親の時価総額の5%未満
22,6,8133,伊藤忠エネクス,プライム,2646.7,1.41,伊藤忠商事,8001,55.71,1172.2,0.007,6,親会社が直近3年で6社を解消済み / 買収費用が親の時価総額の5%未満
23,6,2806,ユタカフーズ,スタンダード,133.2,0.58,東洋水産,2875,50.86,65.5,0.007,0,スタンダード市場(解消の約6割) / 買収費用が親の時価総額の5%未満 / PBR1倍割れ / 辛うじて過半数(解消ケースの最頻帯)
24,6,9946,ミニストップ,プライム,523.9,2.2,イオン,8267,48.71,268.7,0.007,3,親会社が直近3年で3社を解消済み / 買収費用が親の時価総額の5%未満
25,6,6391,加地テック,スタンダード,79.2,0.93,三井Ｅ＆Ｓ,7003,51.06,38.8,0.009,0,スタンダード市場(解消の約6割) / 買収費用が親の時価総額の5%未満 / PBR1倍割れ / 辛うじて過半数(解消ケースの最頻帯)
26,6,3159,丸善ＣＨＩホールディングス,スタンダード,352.6,0.62,大日本印刷,7912,54.92,159.0,0.013,0,スタンダード市場(解消の約6割) / 買収費用が親の時価総額の5%未満 / PBR1倍割れ / 辛うじて過半数(解消ケースの最頻帯)
27,6,3280,エストラスト,スタンダード,56.7,0.53,西部ガスホールディングス,9536,51.9,27.3,0.028,0,スタンダード市場(解消の約6割) / 買収費用が親の時価総額の5%未満 / PBR1倍割れ / 辛うじて過半数(解消ケースの最頻帯)
28,6,4645,市進ホールディングス,スタンダード,35.4,1.55,学研ホールディングス,9470,49.7,17.8,0.04,1,親会社が直近3年で1社を解消済み / スタンダード市場(解消の約6割) / 買収費用が親の時価総額の5%未満
29,6,4615,神東塗料,スタンダード,44.2,0.34,大日本塗料,4611,50.1,22.1,0.049,0,スタンダード市場(解消の約6割) / 買収費用が親の時価総額の5%未満 / PBR1倍割れ / 辛うじて過半数(解消ケースの最頻帯)
30,6,3391,ツルハホールディングス,プライム,9793.6,1.12,イオン,8267,50.11,4886.0,0.134,3,親会社が直近3年で3社を解消済み / 買収費用が親の時価総額の15%未満 / 辛うじて過半数(解消ケースの最頻帯)
31,6,9691,両毛システムズ,スタンダード,,,ミツバ,7280,51.31,,,2,親会社が直近3年で2社を解消済み / スタンダード市場(解消の約6割) / 辛うじて過半数(解消ケースの最頻帯)
32,5,6185,ＳＭＮ,スタンダード,53.1,1.23,ソニーグループ,6758,53.74,24.6,0.0,0,スタンダード市場(解消の約6割) / 買収費用が親の時価総額の5%未満 / 辛うじて過半数(解消ケースの最頻帯)
33,5,2148,アイティメディア,プライム,225.1,3.18,ソフトバンク,9434,53.4,104.9,0.001,1,親会社が直近3年で1社を解消済み / 買収費用が親の時価総額の5%未満 / 辛うじて過半数(解消ケースの最頻帯)
34,5,5482,愛知製鋼,プライム,2075.2,0.88,トヨタ自動車,7203,24.69,1562.8,0.004,1,親会社が直近3年で1社を解消済み / 買収費用が親の時価総額の5%未満 / PBR1倍割れ
35,5,1948,弘電社,スタンダード,998.3,4.03,三菱電機,6503,51.36,485.6,0.005,0,スタンダード市場(解消の約6割) / 買収費用が親の時価総額の5%未満 / 辛うじて過半数(解消ケースの最頻帯)
36,5,7970,信越ポリマー,プライム,1828.5,1.4,信越化学工業,4063,53.48,850.6,0.008,1,親会社が直近3年で1社を解消済み / 買収費用が親の時価総額の5%未満 / 辛うじて過半数(解消ケースの最頻帯)
37,5,3116,トヨタ紡織,プライム,3995.7,0.81,トヨタ自動車,7203,32.43,2699.9,0.008,1,親会社が直近3年で1社を解消済み / 買収費用が親の時価総額の5%未満 / PBR1倍割れ
38,5,8844,コスモスイニシア,スタンダード,418.8,0.75,大和ハウス工業,1925,38.21,258.8,0.009,0,スタンダード市場(解消の約6割) / 買収費用が親の時価総額の5%未満 / PBR1倍割れ
39,5,4059,まぐまぐ,スタンダード,11.4,1.28,エアトリ,6191,69.34,3.5,0.01,0,スタンダード市場(解消の約6割) / 買収費用が親の時価総額の5%未満 / 2/3超保有(少数株主が僅少)
40,5,6473,ジェイテクト,プライム,6630.9,0.82,トヨタ自動車,7203,24.26,5022.2,0.014,1,親会社が直近3年で1社を解消済み / 買収費用が親の時価総額の5%未満 / PBR1倍割れ
41,5,1850,南海辰村建設,スタンダード,121.4,0.62,ＮＡＮＫＡＩ,9044,57.71,51.3,0.015,0,スタンダード市場(解消の約6割) / 買収費用が親の時価総額の5%未満 / PBR1倍割れ
42,5,9436,沖縄セルラー電話,スタンダード,4079.5,4.13,ＫＤＤＩ,9433,53.24,1907.6,0.017,0,スタンダード市場(解消の約6割) / 買収費用が親の時価総額の5%未満 / 辛うじて過半数(解消ケースの最頻帯)
43,5,7215,ファルテック,スタンダード,39.7,0.21,ＴＰＲ,6463,55.53,17.7,0.018,0,スタンダード市場(解消の約6割) / 買収費用が親の時価総額の5%未満 / PBR1倍割れ
44,5,9414,日本ＢＳ放送,スタンダード,177.3,0.71,ビックカメラ,3048,61.35,68.5,0.023,0,スタンダード市場(解消の約6割) / 買収費用が親の時価総額の5%未満 / PBR1倍割れ
45,5,3841,ジーダット,スタンダード,51.9,2.04,アルゴグラフィックス,7595,51.4,25.2,0.028,0,スタンダード市場(解消の約6割) / 買収費用が親の時価総額の5%未満 / 辛うじて過半数(解消ケースの最頻帯)
46,5,9057,遠州トラック,スタンダード,245.5,0.99,住友倉庫,9303,60.58,96.8,0.031,0,スタンダード市場(解消の約6割) / 買収費用が親の時価総額の5%未満 / PBR1倍割れ
47,5,7259,アイシン,プライム,15577.9,0.74,トヨタ自動車,7203,22.34,12097.8,0.034,1,親会社が直近3年で1社を解消済み / 買収費用が親の時価総額の5%未満 / PBR1倍割れ
48,5,9726,ＫＮＴ−ＣＴホールディングス,スタンダード,550.8,1.6,近鉄グループホールディングス,9041,53.56,255.8,0.038,0,スタンダード市場(解消の約6割) / 買収費用が親の時価総額の5%未満 / 辛うじて過半数(解消ケースの最頻帯)
49,5,3686,ディー・エル・イー,スタンダード,26.1,0.65,朝日放送グループホールディングス,9405,45.0,14.4,0.039,0,スタンダード市場(解消の約6割) / 買収費用が親の時価総額の5%未満 / PBR1倍割れ
50,5,9423,フォーバル・リアルストレート,スタンダード,25.5,3.68,フォーバル,8275,54.9,11.5,0.044,0,スタンダード市場(解消の約6割) / 買収費用が親の時価総額の5%未満 / 辛うじて過半数(解消ケースの最頻帯)
51,5,5659,日本精線,プライム,434.0,1.02,大同特殊鋼,5471,50.37,215.4,0.044,1,親会社が直近3年で1社を解消済み / 買収費用が親の時価総額の5%未満 / 辛うじて過半数(解消ケースの最頻帯)
52,5,6744,能美防災,プライム,2401.6,1.78,セコム,9735,51.89,1155.4,0.045,1,親会社が直近3年で1社を解消済み / 買収費用が親の時価総額の5%未満 / 辛うじて過半数(解消ケースの最頻帯)
53,5,7614,オーエムツーネットワーク,スタンダード,102.8,0.56,Ｓ　Ｆｏｏｄｓ,2292,53.83,47.5,0.055,0,スタンダード市場(解消の約6割) / 買収費用が親の時価総額の15%未満 / PBR1倍割れ / 辛うじて過半数(解消ケースの最頻帯)
54,5,7222,日産車体,スタンダード,1257.0,0.67,日産自動車,7201,50.0,628.5,0.058,0,スタンダード市場(解消の約6割) / 買収費用が親の時価総額の15%未満 / PBR1倍割れ / 辛うじて過半数(解消ケースの最頻帯)
55,5,2327,日鉄ソリューションズ,プライム,6874.6,2.49,日本製鉄,5401,63.43,2514.0,0.069,3,親会社が直近3年で3社を解消済み / 買収費用が親の時価総額の15%未満
56,5,9369,キユーソー流通システム,スタンダード,738.5,1.58,キユーピー,2809,43.29,418.8,0.07,1,親会社が直近3年で1社を解消済み / スタンダード市場(解消の約6割) / 買収費用が親の時価総額の15%未満
57,5,3909,ショーケース,スタンダード,16.6,0.99,ＡＩフュージョンキャピタルグループ,254A,51.0,8.1,0.077,0,スタンダード市場(解消の約6割) / 買収費用が親の時価総額の15%未満 / PBR1倍割れ / 辛うじて過半数(解消ケースの最頻帯)
58,5,8075,神鋼商事,プライム,838.9,0.82,神戸製鋼所,5406,13.32,727.2,0.089,2,親会社が直近3年で2社を解消済み / 買収費用が親の時価総額の15%未満 / PBR1倍割れ
59,4,6662,ユビテック,スタンダード,32.7,2.14,オリックス,8591,57.64,13.9,0.0,0,スタンダード市場(解消の約6割) / 買収費用が親の時価総額の5%未満
60,4,3850,エヌ・ティ・ティ・データ・イントラマート,スタンダード,192.2,3.27,ＮＴＴ,9432,21.75,150.4,0.001,0,スタンダード市場(解消の約6割) / 買収費用が親の時価総額の5%未満
61,4,4685,菱友システムズ,スタンダード,346.3,1.57,三菱重工業,7011,31.21,238.2,0.002,0,スタンダード市場(解消の約6割) / 買収費用が親の時価総額の5%未満
62,4,7102,日本車輌製造,プライム,523.8,0.62,東海旅客鉄道,9022,50.95,256.9,0.007,0,買収費用が親の時価総額の5%未満 / PBR1倍割れ / 辛うじて過半数(解消ケースの最頻帯)
63,4,3326,ランシステム,スタンダード,28.9,8.85,ＡＯＫＩホールディングス,8214,55.47,12.9,0.009,0,スタンダード市場(解消の約6割) / 買収費用が親の時価総額の5%未満
64,4,8572,アコム,スタンダード,7615.3,1.06,三菱ＵＦＪフィナンシャル・グループ,8306,37.57,4754.2,0.012,0,スタンダード市場(解消の約6割) / 買収費用が親の時価総額の5%未満
65,4,7282,豊田合成,プライム,6124.6,1.05,トヨタ自動車,7203,21.65,4798.6,0.013,1,親会社が直近3年で1社を解消済み / 買収費用が親の時価総額の5%未満
66,4,7276,小糸製作所,プライム,6809.3,1.11,トヨタ自動車,7203,21.0,5379.3,0.015,1,親会社が直近3年で1社を解消済み / 買収費用が親の時価総額の5%未満
67,4,3633,ＧＭＯペパボ,スタンダード,134.1,4.06,ＧＭＯインターネットグループ,9449,55.43,59.8,0.016,0,スタンダード市場(解消の約6割) / 買収費用が親の時価総額の5%未満
68,4,9636,きんえい,スタンダード,117.1,6.17,近鉄グループホールディングス,9041,5.87,110.2,0.016,0,スタンダード市場(解消の約6割) / 買収費用が親の時価総額の5%未満
69,4,2573,北海道コカ・コーラボトリング,スタンダード,555.2,1.27,大日本印刷,7912,56.97,238.9,0.019,0,スタンダード市場(解消の約6割) / 買収費用が親の時価総額の5%未満
70,4,8700,丸八証券,スタンダード,77.8,1.0,東海東京フィナンシャル・ホールディングス,8616,43.63,43.9,0.019,0,スタンダード市場(解消の約6割) / 買収費用が親の時価総額の5%未満
71,4,2737,トーメンデバイス,プライム,2506.1,3.55,豊田通商,8015,26.62,1839.0,0.026,1,親会社が直近3年で1社を解消済み / 買収費用が親の時価総額の5%未満
72,4,7849,スターツ出版,スタンダード,114.9,1.06,スターツコーポレーション,8850,48.59,59.1,0.026,0,スタンダード市場(解消の約6割) / 買収費用が親の時価総額の5%未満
73,4,4356,応用技術,スタンダード,91.9,8.71,トランス・コスモス,9715,60.22,36.6,0.027,0,スタンダード市場(解消の約6割) / 買収費用が親の時価総額の5%未満
74,4,2226,湖池屋,スタンダード,522.2,2.44,日清食品ホールディングス,2897,45.1,286.7,0.034,0,スタンダード市場(解消の約6割) / 買収費用が親の時価総額の5%未満
75,4,9325,ファイズホールディングス,スタンダード,115.0,2.45,ＡＺ−ＣＯＭ丸和ホールディングス,9090,57.88,48.4,0.04,0,スタンダード市場(解消の約6割) / 買収費用が親の時価総額の5%未満
76,4,8244,近鉄百貨店,スタンダード,769.9,1.66,近鉄グループホールディングス,9041,63.12,283.9,0.042,0,スタンダード市場(解消の約6割) / 買収費用が親の時価総額の5%未満
77,4,3461,パルマ,スタンダード,42.4,1.91,ディア・ライフ,3245,39.29,25.7,0.047,0,スタンダード市場(解消の約6割) / 買収費用が親の時価総額の5%未満
78,4,9827,リリカラ,スタンダード,78.1,1.03,ＴＫＰ,3479,53.01,36.7,0.053,0,スタンダード市場(解消の約6割) / 買収費用が親の時価総額の15%未満 / 辛うじて過半数(解消ケースの最頻帯)
79,4,4293,セプテーニ・ホールディングス,スタンダード,1049.7,1.58,電通グループ,4324,52.48,498.8,0.054,0,スタンダード市場(解消の約6割) / 買収費用が親の時価総額の15%未満 / 辛うじて過半数(解消ケースの最頻帯)
80,4,8891,ＡＭＧホールディングス,スタンダード,58.9,0.48,ＶＴホールディングス,7593,43.49,33.3,0.056,0,スタンダード市場(解消の約6割) / 買収費用が親の時価総額の15%未満 / PBR1倍割れ
81,4,9160,オンザページ,スタンダード,127.2,0.92,ＴＫＰ,3479,57.74,53.8,0.078,0,スタンダード市場(解消の約6割) / 買収費用が親の時価総額の15%未満 / PBR1倍割れ
82,4,4107,伊勢化学工業,スタンダード,1977.2,4.71,ＡＧＣ,5201,52.83,932.6,0.078,0,スタンダード市場(解消の約6割) / 買収費用が親の時価総額の15%未満 / 辛うじて過半数(解消ケースの最頻帯)
83,4,3969,エイトレッド,スタンダード,105.0,1.86,ソフトクリエイトホールディングス,3371,51.29,51.1,0.092,0,スタンダード市場(解消の約6割) / 買収費用が親の時価総額の15%未満 / 辛うじて過半数(解消ケースの最頻帯)
84,4,8060,キヤノンマーケティングジャパン,プライム,7595.6,1.95,キヤノン,7751,51.96,3648.9,0.097,1,親会社が直近3年で1社を解消済み / 買収費用が親の時価総額の15%未満 / 辛うじて過半数(解消ケースの最頻帯)
85,4,6902,デンソー,プライム,48011.7,0.94,トヨタ自動車,7203,22.24,37333.9,0.104,1,親会社が直近3年で1社を解消済み / 買収費用が親の時価総額の15%未満 / PBR1倍割れ
86,4,9445,フォーバルテレコム,スタンダード,92.5,2.41,フォーバル,8275,70.15,27.6,0.105,0,スタンダード市場(解消の約6割) / 買収費用が親の時価総額の15%未満 / 2/3超保有(少数株主が僅少)
87,4,4506,住友ファーマ,プライム,7220.1,1.77,住友化学,4005,51.76,3483.0,0.363,2,親会社が直近3年で2社を解消済み / 辛うじて過半数(解消ケースの最頻帯)
88,3,4326,インテージホールディングス,プライム,765.5,2.25,ＮＴＴ,9432,50.95,375.5,0.003,0,買収費用が親の時価総額の5%未満 / 辛うじて過半数(解消ケースの最頻帯)
89,3,4714,リソー教育グループ,プライム,362.7,3.49,ヒューリック,3003,51.01,177.7,0.013,0,買収費用が親の時価総額の5%未満 / 辛うじて過半数(解消ケースの最頻帯)
90,3,8425,みずほリース,プライム,3827.4,0.85,みずほフィナンシャルグループ,8411,23.09,2943.7,0.014,0,買収費用が親の時価総額の5%未満 / PBR1倍割れ
91,3,4847,インテリジェント　ウェイブ,プライム,400.6,3.98,大日本印刷,7912,50.73,197.4,0.016,0,買収費用が親の時価総額の5%未満 / 辛うじて過半数(解消ケースの最頻帯)
92,3,1429,日本アクア,プライム,256.3,2.27,ヤマダホールディングス,9831,54.95,115.5,0.024,0,買収費用が親の時価総額の5%未満 / 辛うじて過半数(解消ケースの最頻帯)
93,3,8892,エスコン,プライム,1067.2,1.3,中部電力,9502,50.3,530.4,0.024,0,買収費用が親の時価総額の5%未満 / 辛うじて過半数(解消ケースの最頻帯)
94,3,1871,ピーエス・コンストラクション,プライム,1021.1,1.59,大成建設,1801,50.2,508.5,0.025,0,買収費用が親の時価総額の5%未満 / 辛うじて過半数(解消ケースの最頻帯)
95,3,8014,蝶理,プライム,1047.4,1.0,東レ,3402,52.33,499.3,0.027,0,買収費用が親の時価総額の5%未満 / 辛うじて過半数(解消ケースの最頻帯)
96,3,3788,ＧＭＯグローバルサイン・ホールディングス,プライム,231.3,2.24,ＧＭＯインターネットグループ,9449,51.97,111.1,0.03,0,買収費用が親の時価総額の5%未満 / 辛うじて過半数(解消ケースの最頻帯)
97,3,2211,不二家,プライム,652.1,1.09,山崎製パン,2212,54.3,298.0,0.041,0,買収費用が親の時価総額の5%未満 / 辛うじて過半数(解消ケースの最頻帯)
98,3,4784,ＧＭＯインターネット,プライム,1642.9,4.82,ＧＭＯインターネットグループ,9449,90.59,154.6,0.042,0,買収費用が親の時価総額の5%未満 / 2/3超保有(少数株主が僅少)
99,3,7115,アルファパーチェス,スタンダード,146.5,2.12,アスクル,2678,61.43,56.5,0.051,0,スタンダード市場(解消の約6割) / 買収費用が親の時価総額の15%未満
100,3,5753,日本伸銅,スタンダード,55.3,1.27,ＣＫサンエツ,5757,55.4,24.7,0.06,0,スタンダード市場(解消の約6割) / 買収費用が親の時価総額の15%未満
101,3,8254,さいか屋,スタンダード,19.0,1.32,ＡＦＣ−ＨＤアムスライフサイエンス,2927,37.08,12.0,0.097,0,スタンダード市場(解消の約6割) / 買収費用が親の時価総額の15%未満
102,3,4689,ＬＩＮＥヤフー,プライム,36821.8,1.23,ソフトバンク,9434,62.4,13845.0,0.117,1,親会社が直近3年で1社を解消済み / 買収費用が親の時価総額の15%未満
103,3,7177,ＧＭＯフィナンシャルホールディングス,スタンダード,1395.8,4.54,ＧＭＯインターネットグループ,9449,65.73,478.3,0.128,0,スタンダード市場(解消の約6割) / 買収費用が親の時価総額の15%未満
104,3,9216,ビーウィズ,プライム,244.4,2.81,パソナグループ,2168,54.61,110.9,0.191,1,親会社が直近3年で1社を解消済み / 辛うじて過半数(解消ケースの最頻帯)
105,2,7036,イーエムネットジャパン,グロース,25.8,3.06,ソフトバンク,9434,40.91,15.2,0.0,1,親会社が直近3年で1社を解消済み / グロース市場(解消は稀) / 買収費用が親の時価総額の5%未満
106,2,4498,サイバートラスト,グロース,192.3,2.56,ソフトバンク,9434,56.44,83.8,0.001,1,親会社が直近3年で1社を解消済み / グロース市場(解消は稀) / 買収費用が親の時価総額の5%未満
107,2,7198,ＳＢＩアルヒ,プライム,373.4,1.05,ＳＢＩホールディングス,8473,62.47,140.1,0.007,0,買収費用が親の時価総額の5%未満
108,2,2678,アスクル,プライム,1112.9,2.33,ＬＩＮＥヤフー,4689,46.89,591.1,0.016,0,買収費用が親の時価総額の5%未満
109,2,6099,エラン,プライム,443.9,2.89,エムスリー,2413,55.02,199.7,0.017,0,買収費用が親の時価総額の5%未満
110,2,7774,ジャパン・ティッシュエンジニアリング,グロース,344.4,6.7,帝人,3401,57.71,145.6,0.045,1,親会社が直近3年で1社を解消済み / グロース市場(解消は稀) / 買収費用が親の時価総額の5%未満
111,2,7942,ＪＳＰ,プライム,777.6,0.7,三菱瓦斯化学,4182,47.74,406.4,0.055,0,買収費用が親の時価総額の15%未満 / PBR1倍割れ
112,2,4483,ＪＭＤＣ,プライム,2336.3,2.81,オムロン,6645,54.19,1070.3,0.088,0,買収費用が親の時価総額の15%未満 / 辛うじて過半数(解消ケースの最頻帯)
113,2,1930,北陸電気工事,プライム,442.2,0.96,北陸電力,9505,49.38,223.8,0.093,0,買収費用が親の時価総額の15%未満 / PBR1倍割れ
114,2,4997,日本農薬,プライム,919.5,1.64,ＡＤＥＫＡ,4401,51.0,450.6,0.102,0,買収費用が親の時価総額の15%未満 / 辛うじて過半数(解消ケースの最頻帯)
115,2,3092,ＺＯＺＯ,プライム,10116.0,10.39,ＬＩＮＥヤフー,4689,51.9,4865.8,0.132,0,買収費用が親の時価総額の15%未満 / 辛うじて過半数(解消ケースの最頻帯)
116,2,7181,かんぽ生命保険,プライム,19500.7,0.42,日本郵政,6178,49.75,9799.1,0.142,0,買収費用が親の時価総額の15%未満 / PBR1倍割れ
117,2,8015,豊田通商,プライム,69979.1,2.7,トヨタ自動車,7203,21.57,54884.6,0.153,1,親会社が直近3年で1社を解消済み
118,2,2705,大戸屋ホールディングス,スタンダード,642.4,14.99,コロワイド,7616,46.79,341.8,0.161,0,スタンダード市場(解消の約6割)
119,2,7412,アトム,スタンダード,672.1,6.47,コロワイド,7616,41.19,395.3,0.186,0,スタンダード市場(解消の約6割)
120,2,4151,協和キリン,プライム,11812.1,1.29,キリンホールディングス,2503,55.17,5295.4,0.235,1,親会社が直近3年で1社を解消済み
121,2,7678,あさくま,スタンダード,403.1,14.27,テンポスホールディングス,2751,60.09,160.9,0.369,0,スタンダード市場(解消の約6割)
122,2,9049,京福電気鉄道,スタンダード,,,京阪ホールディングス,9045,43.17,,,0,スタンダード市場(解消の約6割)
123,1,410A,ＧＭＯコマース,グロース,61.5,2.34,ＧＭＯインターネットグループ,9449,91.67,5.1,0.001,0,グロース市場(解消は稀) / 買収費用が親の時価総額の5%未満 / 2/3超保有(少数株主が僅少)
124,1,9158,シーユーシー,グロース,234.5,0.7,エムスリー,2413,63.46,85.7,0.007,0,グロース市場(解消は稀) / 買収費用が親の時価総額の5%未満 / PBR1倍割れ
125,1,299A,クラシル,グロース,531.6,3.83,ＬＩＮＥヤフー,4689,54.5,241.9,0.007,0,グロース市場(解消は稀) / 買収費用が親の時価総額の5%未満 / 辛うじて過半数(解消ケースの最頻帯)
126,1,4479,マクアケ,グロース,123.0,2.02,サイバーエージェント,4751,50.87,60.4,0.009,0,グロース市場(解消は稀) / 買収費用が親の時価総額の5%未満 / 辛うじて過半数(解消ケースの最頻帯)
127,1,5025,マーキュリー,グロース,15.6,1.38,ＧＡ　ｔｅｃｈｎｏｌｏｇｉｅｓ,3491,53.34,7.3,0.013,0,グロース市場(解消は稀) / 買収費用が親の時価総額の5%未満 / 辛うじて過半数(解消ケースの最頻帯)
128,1,3628,データホライゾン,グロース,90.7,45.6,ディー・エヌ・エー,2432,51.49,44.0,0.019,0,グロース市場(解消は稀) / 買収費用が親の時価総額の5%未満 / 辛うじて過半数(解消ケースの最頻帯)
129,1,1946,トーエネック,プライム,2104.8,1.35,中部電力,9502,44.6,1166.1,0.053,0,買収費用が親の時価総額の15%未満
130,1,4051,ＧＭＯフィナンシャルゲート,プライム,500.4,7.2,ＧＭＯインターネットグループ,9449,56.52,217.6,0.058,0,買収費用が親の時価総額の15%未満
131,1,8410,セブン銀行,プライム,4001.6,1.43,セブン＆アイ・ホールディングス,3382,33.4,2665.1,0.058,0,買収費用が親の時価総額の15%未満
132,1,3922,ＰＲ　ＴＩＭＥＳ,プライム,299.0,3.13,ベクトル,6058,52.53,141.9,0.152,0,辛うじて過半数(解消ケースの最頻帯)
133,1,8566,リコーリース,プライム,2123.8,0.88,リコー,7752,33.57,1410.8,0.152,0,PBR1倍割れ
134,1,7421,カッパ・クリエイト,プライム,806.4,8.55,コロワイド,7616,50.57,398.6,0.188,0,辛うじて過半数(解消ケースの最頻帯)
135,1,7513,コジマ,プライム,1122.3,1.53,ビックカメラ,3048,50.47,555.9,0.188,0,辛うじて過半数(解消ケースの最頻帯)
136,1,7630,壱番屋,プライム,1731.7,5.45,ハウス食品グループ本社,2810,51.01,848.4,0.239,0,辛うじて過半数(解消ケースの最頻帯)
137,1,3178,チムニー,スタンダード,232.1,3.63,やまや,9994,50.53,114.8,0.518,0,スタンダード市場(解消の約6割) / 買収費用が親の時価総額の40%超(資金面で重い) / 辛うじて過半数(解消ケースの最頻帯)
138,0,6180,ＧＭＯメディア,グロース,66.3,2.29,ＧＭＯインターネットグループ,9449,62.87,24.6,0.007,0,グロース市場(解消は稀) / 買収費用が親の時価総額の5%未満
139,0,4262,ニフティライフスタイル,グロース,88.5,1.44,ノジマ,7419,65.3,30.7,0.008,0,グロース市場(解消は稀) / 買収費用が親の時価総額の5%未満
140,0,303A,ｖｉｓｕｍｏ,グロース,11.6,1.69,ソフトクリエイトホールディングス,3371,62.49,4.4,0.008,0,グロース市場(解消は稀) / 買収費用が親の時価総額の5%未満
141,0,5834,ＳＢＩリーシングサービス,グロース,451.7,1.48,ＳＢＩホールディングス,8473,61.96,171.8,0.008,0,グロース市場(解消は稀) / 買収費用が親の時価総額の5%未満
142,0,7326,ＳＢＩインシュアランスグループ,グロース,568.9,1.13,ＳＢＩホールディングス,8473,59.67,229.4,0.011,0,グロース市場(解消は稀) / 買収費用が親の時価総額の5%未満
143,0,5587,インバウンドプラットフォーム,グロース,27.7,1.7,エアトリ,6191,65.1,9.7,0.029,0,グロース市場(解消は稀) / 買収費用が親の時価総額の5%未満
144,0,4178,Ｓｈａｒｉｎｇ　Ｉｎｎｏｖａｔｉｏｎｓ,グロース,20.7,1.25,Ｏｒｃｈｅｓｔｒａ　Ｈｏｌｄｉｎｇｓ,6533,71.46,5.9,0.051,0,グロース市場(解消は稀) / 買収費用が親の時価総額の15%未満 / 2/3超保有(少数株主が僅少)
145,0,7079,ＷＤＢココ,グロース,62.2,1.3,ＷＤＢホールディングス,2475,67.66,20.1,0.059,0,グロース市場(解消は稀) / 買収費用が親の時価総額の15%未満 / 2/3超保有(少数株主が僅少)
146,0,6040,日本スキー場開発,グロース,214.2,2.09,日本駐車場開発,2353,68.6,67.3,0.08,0,グロース市場(解消は稀) / 買収費用が親の時価総額の15%未満 / 2/3超保有(少数株主が僅少)
147,0,6548,旅工房,グロース,24.5,3.31,アドベンチャー,6030,53.0,11.5,0.089,0,グロース市場(解消は稀) / 買収費用が親の時価総額の15%未満 / 辛うじて過半数(解消ケースの最頻帯)
148,0,9565,ＧＬＯＥ,グロース,18.0,3.62,カヤック,3904,51.4,8.7,0.133,0,グロース市場(解消は稀) / 買収費用が親の時価総額の15%未満 / 辛うじて過半数(解消ケースの最頻帯)
149,0,248A,キッズスター,グロース,21.2,0.88,くふうカンパニーホールディングス,4376,33.4,14.1,0.135,0,グロース市場(解消は稀) / 買収費用が親の時価総額の15%未満 / PBR1倍割れ
150,0,6050,イー・ガーディアン,プライム,210.3,1.72,チェンジホールディングス,3962,49.7,105.8,0.151,0,
151,0,1934,ユアテック,プライム,1814.7,1.17,東北電力,9506,39.19,1103.5,0.16,0,
152,0,9434,ソフトバンク,プライム,118675.5,4.08,ソフトバンクグループ,9984,39.92,71300.2,0.198,0,
153,0,4812,電通総研,プライム,5601.7,5.31,電通グループ,4324,61.76,2142.1,0.23,0,
154,0,5838,楽天銀行,プライム,10776.0,2.74,楽天グループ,4755,49.26,5467.7,0.354,0,
155,0,6368,オルガノ,プライム,5699.5,4.02,東ソー,4042,44.28,3175.8,0.397,0,
156,0,3484,イノベーションホールディングス,スタンダード,206.3,4.45,クロップス,9428,59.72,83.1,0.597,0,スタンダード市場(解消の約6割) / 買収費用が親の時価総額の40%超(資金面で重い)
157,0,4816,東映アニメーション,スタンダード,6117.1,3.63,東映,9605,34.32,4017.7,1.063,0,スタンダード市場(解消の約6割) / 買収費用が親の時価総額の40%超(資金面で重い)
158,0,4765,ＳＢＩグローバルアセットマネジメント,プライム,867.0,2.69,ＳＢＩホールディングス,8473,,,,0,
159,-1,4270,ＢｅｅＸ,グロース,42.7,1.39,テラスカイ,3915,62.84,15.9,0.053,0,グロース市場(解消は稀) / 買収費用が親の時価総額の15%未満
160,-1,3929,ソーシャルワイヤー,グロース,28.6,1.59,ジーニー,6562,49.0,14.6,0.119,0,グロース市場(解消は稀) / 買収費用が親の時価総額の15%未満
161,-1,4091,日本酸素ホールディングス,プライム,23768.0,1.88,三菱ケミカルグループ,4188,50.59,11743.8,0.727,0,買収費用が親の時価総額の40%超(資金面で重い) / 辛うじて過半数(解消ケースの最頻帯)
162,-2,1941,中電工,プライム,2726.5,1.08,中国電力,9504,41.35,1599.1,0.41,0,買収費用が親の時価総額の40%超(資金面で重い)
163,-2,1959,クラフティア,プライム,5720.3,1.65,九州電力,9508,22.55,4430.4,0.44,0,買収費用が親の時価総額の40%超(資金面で重い)
164,-2,5016,ＪＸ金属,プライム,31937.1,5.2,ＥＮＥＯＳホールディングス,5020,35.27,20672.9,0.544,0,買収費用が親の時価総額の40%超(資金面で重い)
165,-2,1942,関電工,プライム,11031.3,2.86,東京電力ホールディングス,9501,34.46,7229.9,0.821,0,買収費用が親の時価総額の40%超(資金面で重い)
166,-2,7182,ゆうちょ銀行,プライム,116263.2,1.26,日本郵政,6178,49.87,58282.7,0.843,0,買収費用が親の時価総額の40%超(資金面で重い)
167,-2,3769,ＧＭＯペイメントゲートウェイ,プライム,6697.4,5.35,ＧＭＯインターネットグループ,9449,40.72,3970.2,1.067,0,買収費用が親の時価総額の40%超(資金面で重い)
168,-2,415A,ＧＭＯ　ＴＥＣＨホールディングス,グロース,86.2,2.42,ＧＭＯインターネットグループ,9449,,,,0,グロース市場(解消は稀)
169,-2,3695,ＧＭＯプロダクトプラットフォーム,グロース,72.1,2.91,ＧＭＯインターネットグループ,9449,,,,0,グロース市場(解消は稀)
170,-2,4394,エクスモーション,グロース,41.4,2.48,ソルクシーズ,4284,,,,0,グロース市場(解消は稀)
171,-4,3976,シャノン,グロース,34.1,2.46,イノベーション,3970,56.71,14.8,0.664,0,グロース市場(解消は稀) / 買収費用が親の時価総額の40%超(資金面で重い)
