区分,子会社コード,子会社名,市場(子),時価総額(子/億円),PBR(子),親会社コード,親会社名,市場(親),時価総額(親/億円),親会社の持株比率(%),比率の種類,基準日,出所,備考
連結子会社(50%超),410A,ＧＭＯコマース,グロース,61.5,2.34,9449,ＧＭＯインターネットグループ,プライム,3722.5,91.67,所有株式数,2025-09-25,https://www.ipokiso.com/company/2025/gmo-c.html,2025-09-25東証グロース上場。数値はIPO情報サイト記載の「上場後の親会社保有比率」（ロックアップ180日）。一次情報（目論見書・有報）は未確認
連結子会社(50%超),4784,ＧＭＯインターネット,プライム,1642.9,4.82,9449,ＧＭＯインターネットグループ,プライム,3722.5,90.59,所有株式数,2025-12-31,https://www.ullet.com/4784/大株主,グループ会社2社の保有を含むと約92%
連結子会社(50%超),4178,Ｓｈａｒｉｎｇ　Ｉｎｎｏｖａｔｉｏｎｓ,グロース,20.7,1.25,6533,Ｏｒｃｈｅｓｔｒａ　Ｈｏｌｄｉｎｇｓ,プライム,115.3,71.46,所有株式数,不明,https://www.strike.co.jp/ma_news/detail.html?id=20260825d,関係あり。2026-08-25に株式交換（簡易株式交換、比率1:0.478）による完全子会社化を発表。現在の保有71.46%。効力発生日2026-11-30、上場廃止予定日2026-11-26のため親子上場は解消見込み。比率の基準日は開示に明記なし
連結子会社(50%超),9445,フォーバルテレコム,スタンダード,92.5,2.41,8275,フォーバル,スタンダード,261.9,70.15,所有株式数,2026-03-31,https://www.ullet.com/フォーバルテレコム/大株主,
連結子会社(50%超),2653,イオン九州,スタンダード,962.9,1.61,8267,イオン,プライム,36339.6,69.9,所有株式数,2026-08-31,https://www.aeon-kyushu.info/ir/stock/stock_information,"24,307千株。2026年3月にトキハインダストリーを完全子会社化"
連結子会社(50%超),4059,まぐまぐ,スタンダード,11.4,1.28,6191,エアトリ,プライム,340.2,69.34,議決権,2025-09-30,https://kitaishihon.com/company/4059/board-of-director,親子関係あり。有価証券報告書の関係会社欄に親会社エアトリ69.34%と記載。まぐまぐ自身のプレスリリースでもエアトリを「当社親会社」と表記
連結子会社(50%超),6040,日本スキー場開発,グロース,214.2,2.09,2353,日本駐車場開発,プライム,843.2,68.6,所有株式数,不明,https://www.ullet.com/%E6%97%A5%E6%9C%AC%E3%82%B9%E3%82%AD%E3%83%BC%E5%A0%B4%E9%96%8B%E7%99%BA/%E5%A4%A7%E6%A0%AA%E4%B8%BB,親会社が筆頭株主。ullet表示は2025年時点だが基準日の明示なし
連結子会社(50%超),7079,ＷＤＢココ,グロース,62.2,1.3,2475,ＷＤＢホールディングス,プライム,342.0,67.66,所有株式数,2026-03-31,https://s.kabutan.jp/stocks/7079/stockholders/,
連結子会社(50%超),7177,ＧＭＯフィナンシャルホールディングス,スタンダード,1395.8,4.54,9449,ＧＭＯインターネットグループ,プライム,3722.5,65.73,所有株式数,2026-06-30,https://www.gmofh.com/ir/stock/shareholders.html,公式IR
連結子会社(50%超),7512,イオン北海道,スタンダード,1192.3,1.56,8267,イオン,プライム,36339.6,65.62,所有株式数,不明,https://www.ullet.com/%E3%82%A4%E3%82%AA%E3%83%B3%E5%8C%97%E6%B5%B7%E9%81%93/%E5%A4%A7%E6%A0%AA%E4%B8%BB,親会社が筆頭株主。ullet表示は2026年時点(2月期)だが基準日の明示なし
連結子会社(50%超),4262,ニフティライフスタイル,グロース,88.5,1.44,7419,ノジマ,プライム,3759.9,65.3,議決権,2026-03-31,https://kitaishihon.com/company/4262/board-of-director,親子関係あり（間接）。直接の親会社はニフティ(株)で65.3%、ニフティはノジマの100%子会社のためノジマは孫会社として間接保有（有報上ノジマも議決権所有割合65.3%と記載）
連結子会社(50%超),5587,インバウンドプラットフォーム,グロース,27.7,1.7,6191,エアトリ,プライム,340.2,65.1,議決権,2025-09-30,https://kitaishihon.com/company/5587/board-of-director,親子関係あり。有価証券報告書の関係会社欄に親会社エアトリ（被所有）65.1%と記載
連結子会社(50%超),2003,日東富士製粉,スタンダード,697.8,1.42,8058,三菱商事,プライム,181134.3,64.74,所有株式数,2026-03-31,https://www.ullet.com/%E6%97%A5%E6%9D%B1%E5%AF%8C%E5%A3%AB%E8%A3%BD%E7%B2%89/%E5%A4%A7%E6%A0%AA%E4%B8%BB,
連結子会社(50%超),8198,マックスバリュ東海,スタンダード,1063.4,1.11,8267,イオン,プライム,36339.6,63.86,所有株式数,不明,https://www.ullet.com/%E3%83%9E%E3%83%83%E3%82%AF%E3%82%B9%E3%83%90%E3%83%AA%E3%83%A5%E6%9D%B1%E6%B5%B7/%E5%A4%A7%E6%A0%AA%E4%B8%BB,親会社が筆頭株主。ullet表示は2026年時点だが基準日の明示なし
連結子会社(50%超),9158,シーユーシー,グロース,234.5,0.7,2413,エムスリー,プライム,11813.8,63.46,議決権,2026-03-31,https://kitaishihon.com/company/9158/board-of-director,親子関係あり。有価証券報告書に親会社エムスリー（被所有）63.46%、当社は同社の連結子会社と記載
連結子会社(50%超),2327,日鉄ソリューションズ,プライム,6874.6,2.49,5401,日本製鉄,プライム,36322.7,63.43,所有株式数,2026-03-31,https://www.ullet.com/2327/%E5%A4%A7%E6%A0%AA%E4%B8%BB,
連結子会社(50%超),8244,近鉄百貨店,スタンダード,769.9,1.66,9041,近鉄グループホールディングス,プライム,6744.6,63.12,所有株式数,2026年,https://www.ullet.com/近鉄百貨店/大株主,
連結子会社(50%超),6180,ＧＭＯメディア,グロース,66.3,2.29,9449,ＧＭＯインターネットグループ,プライム,3722.5,62.87,所有株式数,2025-12-31,https://www.ullet.com/ＧＭＯメディア/大株主,
連結子会社(50%超),4270,ＢｅｅＸ,グロース,42.7,1.39,3915,テラスカイ,プライム,300.6,62.84,所有株式数,2026-02-28,https://s.kabutan.jp/stocks/4270/stockholders/,テラスカイは2025年2月の変更報告書で69.56%→68.08%と段階的に保有比率を引き下げ中
連結子会社(50%超),303A,ｖｉｓｕｍｏ,グロース,11.6,1.69,3371,ソフトクリエイトホールディングス,プライム,553.7,62.49,所有株式数,2026-01-01,https://maonline.jp/kabuhoyu/sh-s100xe9z,関係確認。2026/1/6提出の変更報告書(大量保有)で53.01%→62.49%に買い増し。基準日は報告義務発生日
連結子会社(50%超),7198,ＳＢＩアルヒ,プライム,373.4,1.05,8473,ＳＢＩホールディングス,プライム,21149.9,62.47,所有株式数,2026-03-31,https://s.kabutan.jp/stocks/7198/stockholders,直接の保有者は非上場のSBIノンバンクホールディングス（SBIホールディングス傘下）
連結子会社(50%超),4689,ＬＩＮＥヤフー,プライム,36821.8,1.23,9434,ソフトバンク,プライム,118675.5,62.4,不明,2026-03-31,https://the-shashi.com/tse/4689/shareholders/,直接の筆頭株主は非上場のAホールディングス。ソフトバンク(9434)はAホールディングスを通じた間接保有で、9434自身の直接持分は別途。2024-2025年にLINEヤフーの自己株式公開買付けにAホールディングスが応募する資本異動あり
連結子会社(50%超),5834,ＳＢＩリーシングサービス,グロース,451.7,1.48,8473,ＳＢＩホールディングス,プライム,21149.9,61.96,所有株式数,不明,https://web.fisco.jp/platform/companies/0583400,2024年3月にSBIホールディングスが親会社異動（SBIノンバンクHDへ）を発表。直接の親会社はSBIノンバンクHDで上場親会社はSBI HD(8473)。FISCOは基準日を表示しないため基準日不明。
連結子会社(50%超),4812,電通総研,プライム,5601.7,5.31,4324,電通グループ,プライム,9321.7,61.76,所有株式数,2026-06-30,https://s.kabutan.jp/stocks/4812/stockholders/,2026年7月に電通グループが株式非公開化を検討していると報じられている／2026年7月3日に株式非公開化検討の報道あり（株探）。TOB等の可能性があり要追跡
連結子会社(50%超),7115,アルファパーチェス,スタンダード,146.5,2.12,2678,アスクル,プライム,1112.9,61.43,議決権,2025-12-31,https://kitaishihon.com/company/7115/board-of-director,親子関係あり。有価証券報告書の関係会社欄に親会社アスクル（被所有）61.43%と記載
連結子会社(50%超),9414,日本ＢＳ放送,スタンダード,177.3,0.71,3048,ビックカメラ,プライム,2950.7,61.35,所有株式数,不明,https://web.fisco.jp/platform/companies/0941400,FISCOは基準日を表示しないため基準日不明。
連結子会社(50%超),2892,日本食品化工,スタンダード,230.5,0.77,8058,三菱商事,プライム,181134.3,60.68,議決権,2026-03-31,https://www.nisshoku.co.jp/ir/stock/stock-information.html,"関係あり。会社IRの大株主情報で三菱商事2,942千株・議決権比率60.68%。上場継続中でTOB・完全子会社化の発表は確認されず（2025年の三菱商事TOBは三菱食品であり日本食品化工ではない）"
連結子会社(50%超),9057,遠州トラック,スタンダード,245.5,0.99,9303,住友倉庫,プライム,3146.3,60.58,所有株式数,不明,https://www.ullet.com/%E9%81%A0%E5%B7%9E%E3%83%88%E3%83%A9%E3%83%83%E3%82%AF/%E5%A4%A7%E6%A0%AA%E4%B8%BB,親会社が筆頭株主。ullet表示は2026年時点だが基準日の明示なし
連結子会社(50%超),4343,イオンファンタジー,プライム,540.6,6.87,8267,イオン,プライム,36339.6,60.47,所有株式数,2026-02-28,https://www.fantasy.co.jp/company/ircontent/stock_bond/stock_bond_04.html,公式IR。2月決算
連結子会社(50%超),6366,千代田化工建設,スタンダード,1814.3,2.83,8058,三菱商事,プライム,181134.3,60.23,所有株式数,2026-03-31,https://www.ullet.com/%E5%8D%83%E4%BB%A3%E7%94%B0%E5%8C%96%E5%B7%A5%E5%BB%BA%E8%A8%AD/%E5%A4%A7%E6%A0%AA%E4%B8%BB,
連結子会社(50%超),4356,応用技術,スタンダード,91.9,8.71,9715,トランス・コスモス,プライム,1360.3,60.22,所有株式数,2025-12-31,https://www.ullet.com/%E5%BF%9C%E7%94%A8%E6%8A%80%E8%A1%93/%E5%A4%A7%E6%A0%AA%E4%B8%BB,"親会社が筆頭株主(3,438千株)"
連結子会社(50%超),7678,あさくま,スタンダード,403.1,14.27,2751,テンポスホールディングス,スタンダード,436.3,60.09,所有株式数,2026-07-31,https://s.kabutan.jp/stocks/7678/stockholders/,
連結子会社(50%超),3484,イノベーションホールディングス,スタンダード,206.3,4.45,9428,クロップス,スタンダード,139.2,59.72,所有株式数,2026-03-31,https://www.ullet.com/%E3%82%A4%E3%83%8E%E3%83%99%E3%83%BC%E3%82%B7%E3%83%A7%E3%83%B3%E3%83%9B%E3%83%BC%E3%83%AB%E3%83%87%E3%82%A3%E3%83%B3%E3%82%B9/%E5%A4%A7%E6%A0%AA%E4%B8%BB,関係確認。クロップスが筆頭株主で過半数保有
連結子会社(50%超),7326,ＳＢＩインシュアランスグループ,グロース,568.9,1.13,8473,ＳＢＩホールディングス,プライム,21149.9,59.67,所有株式数,2026-03-31,https://www.kabutore.biz/genzaikabuka/okabunushi7326.html,第2位に光通信9.49%
連結子会社(50%超),9325,ファイズホールディングス,スタンダード,115.0,2.45,9090,ＡＺ−ＣＯＭ丸和ホールディングス,プライム,1218.9,57.88,所有株式数,2026-03-31,https://s.kabutan.jp/stocks/9325/stockholders/,
連結子会社(50%超),9160,オンザページ,スタンダード,127.2,0.92,3479,ＴＫＰ,グロース,691.5,57.74,所有株式数,2026-04-01,https://s.kabutan.jp/news/n202604070637/,関係確認。2026/4/7提出の変更報告書No.2でTKPの保有割合が60.0%→57.74%に減少(報告義務発生日2026/4/1)。TKPのTOBで傘下入り。売却により比率が下がっている点に注意
連結子会社(50%超),7774,ジャパン・ティッシュエンジニアリング,グロース,344.4,6.7,3401,帝人,プライム,3264.1,57.71,所有株式数,2026-03-31,https://strainer.jp/companies/JP-7774/ownership,第2位ニデック10.4%
連結子会社(50%超),1850,南海辰村建設,スタンダード,121.4,0.62,9044,ＮＡＮＫＡＩ,プライム,3437.5,57.71,所有株式数,2026-03-31,https://www.ullet.com/%E5%8D%97%E6%B5%B7%E8%BE%B0%E6%9D%91%E5%BB%BA%E8%A8%AD/%E5%A4%A7%E6%A0%AA%E4%B8%BB,親会社(南海電気鉄道=NANKAI)が筆頭株主。TOB等の直近発表は確認されず
連結子会社(50%超),6662,ユビテック,スタンダード,32.7,2.14,8591,オリックス,プライム,63917.6,57.64,所有株式数,2025-06-30,https://www.ullet.com/ユビテック/大株主,
連結子会社(50%超),2573,北海道コカ・コーラボトリング,スタンダード,555.2,1.27,7912,大日本印刷,プライム,12666.9,56.97,所有株式数,2024-12-31,https://www.hokkaido.ccbc.co.jp/ir/stock-information/,公式IRの掲載が2024年12月期基準のまま。12月決算のためより新しい基準日の開示は未確認
連結子会社(50%超),3976,シャノン,グロース,34.1,2.46,3970,イノベーション,スタンダード,22.3,56.71,所有株式数,2026-06-30,https://www.kabutore.biz/genzaikabuka/okabunushi3976.html,"親会社はリスト記載の伊藤忠商事ではない。2025年1月21日に株式会社イノベーション(3970)のTOBが成立し親会社・筆頭株主が異動（3,360,800株）。2025年9月にグループ再編（Innovation X Solutionsの完全子会社化等）を発表"
連結子会社(50%超),4051,ＧＭＯフィナンシャルゲート,プライム,500.4,7.2,9449,ＧＭＯインターネットグループ,プライム,3722.5,56.52,所有株式数,2026-03-31,https://s.kabutan.jp/stocks/4051/stockholders/,直接の親会社はGMOペイメントゲートウェイ(3769)。GMOインターネットグループ(9449)は間接的な親会社であり、リスト記載の親会社名は要修正
連結子会社(50%超),4498,サイバートラスト,グロース,192.3,2.56,9434,ソフトバンク,プライム,118675.5,56.44,所有株式数,2026-03-31,https://www.ullet.com/%E3%82%B5%E3%82%A4%E3%83%90%E3%83%BC%E3%83%88%E3%83%A9%E3%82%B9%E3%83%88/%E5%A4%A7%E6%A0%AA%E4%B8%BB,直接の保有者はSBテクノロジー（非上場）56.44%。ソフトバンクは間接保有／関係確認(間接)。直接の筆頭株主はSBテクノロジー(4726)で56.44%。ソフトバンク(9434)はSBテクノロジー経由の間接保有でありソフトバンク本体の直接保有比率は不明
連結子会社(50%超),8133,伊藤忠エネクス,プライム,2646.7,1.41,8001,伊藤忠商事,プライム,161222.3,55.71,所有株式数,2026-03-31,https://www.itcenex.com/ja/ir/stockholder/info/index.html,公式IR
連結子会社(50%超),5449,大阪製鐵,スタンダード,766.2,0.63,5401,日本製鉄,プライム,36322.7,55.58,所有株式数,2026-03-31,https://www.ullet.com/%E5%A4%A7%E9%98%AA%E8%A3%BD%E9%90%B5/%E5%A4%A7%E6%A0%AA%E4%B8%BB,日本製鉄の持分は65.85%（2025-03-31）から55.58%（2026-03-31）へ低下。第2位にINTERTRUST TRUSTEES (CAYMAN) 17.48%／親会社が筆頭株主。前年2025-03-31の65.85%から低下。2位にINTERTRUST TRUSTEES(CAYMAN)17.48%
連結子会社(50%超),7215,ファルテック,スタンダード,39.7,0.21,6463,ＴＰＲ,プライム,1006.7,55.53,所有株式数,不明,https://web.fisco.jp/platform/companies/0721500,FISCOは基準日を表示しないため基準日不明。
連結子会社(50%超),3326,ランシステム,スタンダード,28.9,8.85,8214,ＡＯＫＩホールディングス,プライム,1447.8,55.47,所有株式数,2026-03-31,https://s.kabutan.jp/stocks/3326/stockholders/,2022年に第三者割当増資でAOKIHDが子会社化
連結子会社(50%超),3633,ＧＭＯペパボ,スタンダード,134.1,4.06,9449,ＧＭＯインターネットグループ,プライム,3722.5,55.43,所有株式数,2025-12-31,https://s.kabutan.jp/stocks/3633/stockholders/,別途GMOインターネット(株)が1.97%を保有
連結子会社(50%超),5753,日本伸銅,スタンダード,55.3,1.27,5757,ＣＫサンエツ,プライム,410.3,55.4,所有株式数,2026-03-31,https://www.ullet.com/%E6%97%A5%E6%9C%AC%E4%BC%B8%E9%8A%85/%E5%A4%A7%E6%A0%AA%E4%B8%BB,
連結子会社(50%超),4151,協和キリン,プライム,11812.1,1.29,2503,キリンホールディングス,プライム,22571.8,55.17,所有株式数,不明,https://www.ullet.com/協和キリン/大株主,親会社が筆頭株主。ullet表示は2025年時点だが基準日の明示なし
連結子会社(50%超),6099,エラン,プライム,443.9,2.89,2413,エムスリー,プライム,11813.8,55.02,議決権,2025-12-31,https://kitaishihon.com/company/6099/board-of-director,親子関係あり。有価証券報告書の関係会社欄に「（親会社）エムスリー株式会社」被所有55.02%と記載
連結子会社(50%超),1429,日本アクア,プライム,256.3,2.27,9831,ヤマダホールディングス,プライム,4759.2,54.95,所有株式数,2025-12-31,https://www.n-aqua.jp/ir/shareholders.html,直接の親会社は非上場のヒノキヤグループ（54.95%）。同社IRページに「ヤマダホールディングスグループ企業」と明記されており、上場親会社はヤマダHD(9831)。
連結子会社(50%超),3159,丸善ＣＨＩホールディングス,スタンダード,352.6,0.62,7912,大日本印刷,プライム,12666.9,54.92,所有株式数,2026-01-31,https://www.maruzen-chi.co.jp/ja/ir/stock/shareholder.html,"会社IR「株式の状況」。発行済株式総数92,554,085株中50,828,336株"
連結子会社(50%超),9423,フォーバル・リアルストレート,スタンダード,25.5,3.68,8275,フォーバル,スタンダード,261.9,54.9,議決権,2026-03-31,https://www.forval.co.jp/investor_report/up_img/20260619_r2.pdf,フォーバルの2026年3月期有価証券報告書「関係会社の状況」に連結子会社として記載
連結子会社(50%超),9216,ビーウィズ,プライム,244.4,2.81,2168,パソナグループ,プライム,581.2,54.61,所有株式数,2025-05-31,https://www.ullet.com/ビーウィズ/大株主,
連結子会社(50%超),299A,クラシル,グロース,531.6,3.83,4689,ＬＩＮＥヤフー,プライム,36821.8,54.5,議決権,2026-03-31,https://finance.biggo.jp/news/jpx_tdnet_140120260630584982,親子関係あり。TDnet「支配株主等に関する事項について」。直接39.1%＋子会社ZVenture Capital組成のYJ2号投資事業組合15.4%の合算で親会社
連結子会社(50%超),2211,不二家,プライム,652.1,1.09,2212,山崎製パン,プライム,7181.1,54.3,所有株式数,2026-06-30,https://www.fujiya-peko.co.jp/company/ir/stock/stock.html,"不二家公式IR。自己株式9,157株を控除して算出"
連結子会社(50%超),4483,ＪＭＤＣ,プライム,2336.3,2.81,6645,オムロン,プライム,12128.1,54.19,所有株式数,2026-03-31,https://www.ullet.com/%EF%BC%AA%EF%BC%AD%EF%BC%A4%EF%BC%A3/%E5%A4%A7%E6%A0%AA%E4%B8%BB,第4位にノーリツ鋼機4.55%
連結子会社(50%超),7614,オーエムツーネットワーク,スタンダード,102.8,0.56,2292,Ｓ　Ｆｏｏｄｓ,プライム,869.1,53.83,所有株式数,2026-01-31,https://www.ullet.com/7614.html,"関係確認。エスフーズが3,584千株53.83%で筆頭株主。1月期決算のため基準日は1月末"
連結子会社(50%超),6185,ＳＭＮ,スタンダード,53.1,1.23,6758,ソニーグループ,プライム,216102.0,53.74,所有株式数,2026-03-31,https://www.ullet.com/%EF%BC%B3%EF%BC%AD%EF%BC%AE/%E5%A4%A7%E6%A0%AA%E4%B8%BB,"直接の保有者はソニーネットワークコミュニケーションズ（非上場）53.74%／関係確認(間接)。直接の筆頭株主はソニーネットワークコミュニケーションズ(ソニーグループ傘下)で7,861千株53.74%。ソニーグループ本体の直接保有比率は不明"
連結子会社(50%超),9726,ＫＮＴ−ＣＴホールディングス,スタンダード,550.8,1.6,9041,近鉄グループホールディングス,プライム,6744.6,53.56,所有株式数,不明,https://www.ullet.com/ＫＮＴ－ＣＴホールディングス/大株主,親会社が筆頭株主。2位に日本マスタートラスト信託銀行17.39%。ullet表示は2026年時点だが基準日の明示なし
連結子会社(50%超),7970,信越ポリマー,プライム,1828.5,1.4,4063,信越化学工業,プライム,106072.4,53.48,所有株式数,2026-03-31,https://www.ullet.com/%E4%BF%A1%E8%B6%8A%E3%83%9D%E3%83%AA%E3%83%9E%E3%83%BC/%E5%A4%A7%E6%A0%AA%E4%B8%BB,"親会社が筆頭株主(42,986千株)"
連結子会社(50%超),2148,アイティメディア,プライム,225.1,3.18,9434,ソフトバンク,プライム,118675.5,53.4,所有株式数,2025-03-31,https://corp.itmedia.co.jp/ir/stock/info/,会社IRが「親会社：SBメディアホールディングス（持株比率53.4%）」と明記。SBメディアHDとソフトバンク(9434)の資本関係は本調査では一次情報で未確認。
連結子会社(50%超),5025,マーキュリー,グロース,15.6,1.38,3491,ＧＡ　ｔｅｃｈｎｏｌｏｇｉｅｓ,グロース,552.2,53.34,所有株式数,2026-02-28,https://www.ullet.com/5025.html,"関係確認。GA technologiesが1,424千株53.34%で筆頭株主。マーキュリーは2月期決算のため基準日は2月末"
連結子会社(50%超),9436,沖縄セルラー電話,スタンダード,4079.5,4.13,9433,ＫＤＤＩ,プライム,113096.5,53.24,所有株式数,2026-03-31,https://s.kabutan.jp/stocks/9436/stockholders/,
連結子会社(50%超),9827,リリカラ,スタンダード,78.1,1.03,3479,ＴＫＰ,グロース,691.5,53.01,所有株式数,2025-12-31,https://www.ullet.com/%E3%83%AA%E3%83%AA%E3%82%AB%E3%83%A9/%E5%A4%A7%E6%A0%AA%E4%B8%BB,"関係確認。TKPが6,529千株53.01%で筆頭株主(2023年の26.69%から買い増し)。12月期決算のため基準日は12月末"
連結子会社(50%超),6548,旅工房,グロース,24.5,3.31,6030,アドベンチャー,グロース,128.5,53.0,所有株式数,不明,https://web.fisco.jp/platform/companies/0654800,関係あり。2023-10-31の第三者割当増資引受により子会社化（当時の議決権所有割合58.24%、出所 https://www.nihon-ma.co.jp/news/20230810_6030-15/ ）。FISCO最新大株主表では53.00%。基準日不明
連結子会社(50%超),4107,伊勢化学工業,スタンダード,1977.2,4.71,5201,ＡＧＣ,プライム,11991.8,52.83,所有株式数,不明,https://web.fisco.jp/platform/companies/0410700,FISCOは基準日を表示しないため基準日不明。2026-03-27にTDnetで「支配株主等に関する事項について」の開示があるが、掲載ページ（日経）がrobots.txtで取得できず議決権割合・基準日は未確認。
連結子会社(50%超),9632,スバル興業,スタンダード,454.9,1.19,9602,東宝,プライム,13147.4,52.82,所有株式数,2024-01-31,https://ja.wikipedia.org/wiki/%E3%82%B9%E3%83%90%E3%83%AB%E8%88%88%E6%A5%AD,出所がWikipedia(四季報等の二次情報)で基準日が2024-01-31と古い。株探・IRBANK・J-LiC等が403で最新値を確認できず(1月決算)
連結子会社(50%超),3922,ＰＲ　ＴＩＭＥＳ,プライム,299.0,3.13,6058,ベクトル,プライム,930.6,52.53,所有株式数,不明,https://www.ullet.com/%EF%BC%B0%EF%BC%B2%E3%80%80%EF%BC%B4%EF%BC%A9%EF%BC%AD%EF%BC%A5%EF%BC%B3/%E5%A4%A7%E6%A0%AA%E4%B8%BB,親会社が筆頭株主。ullet表示は2026年時点(2月期)だが基準日の明示なし
連結子会社(50%超),4293,セプテーニ・ホールディングス,スタンダード,1049.7,1.58,4324,電通グループ,プライム,9321.7,52.48,所有株式数,2025-12-31,https://www.ullet.com/%E3%82%BB%E3%83%97%E3%83%86%E3%83%BC%E3%83%8B%E3%83%BB%E3%83%9B%E3%83%BC%E3%83%AB%E3%83%87%E3%82%A3%E3%83%B3%E3%82%B0%E3%82%B9/%E5%A4%A7%E6%A0%AA%E4%B8%BB,12月決算
連結子会社(50%超),8014,蝶理,プライム,1047.4,1.0,3402,東レ,プライム,18179.1,52.33,所有株式数,2026-03-31,https://www.ullet.com/8014.html,
連結子会社(50%超),3788,ＧＭＯグローバルサイン・ホールディングス,プライム,231.3,2.24,9449,ＧＭＯインターネットグループ,プライム,3722.5,51.97,所有株式数,2025-12-31,https://www.ullet.com/ＧＭＯグローバルサイン・ホールディングス/大株主,
連結子会社(50%超),8060,キヤノンマーケティングジャパン,プライム,7595.6,1.95,7751,キヤノン,プライム,37587.0,51.96,所有株式数,2025-12-31,https://www.ullet.com/%E3%82%AD%E3%83%A4%E3%83%8E%E3%83%B3%E3%83%9E%E3%83%BC%E3%82%B1%E3%83%86%E3%82%A3%E3%83%B3%E3%82%B0%E3%82%B8%E3%83%A3%E3%83%91%E3%83%B3/%E5%A4%A7%E6%A0%AA%E4%B8%BB,12月決算
連結子会社(50%超),3092,ＺＯＺＯ,プライム,10116.0,10.39,4689,ＬＩＮＥヤフー,プライム,36821.8,51.9,議決権,不明,https://japanir.jp/company/company-3092/ir/3092-20260629-01_wp_general_ir/,関係あり。2026年6月開示「支配株主等に関する事項」で支配株主＝LINEヤフー、議決権所有割合（直接・間接合算）51.9%。基準日は当該開示に明記なし
連結子会社(50%超),3280,エストラスト,スタンダード,56.7,0.53,9536,西部ガスホールディングス,プライム,958.1,51.9,所有株式数,不明,https://www.ullet.com/%E3%82%A8%E3%82%B9%E3%83%88%E3%83%A9%E3%82%B9%E3%83%88/%E3%83%8B%E3%83%A5%E3%83%BC%E3%82%B9,"ullet時系列(3,145千株保有)で2026年時点51.9%。基準日の明示なし。2017年TOBで西部ガス傘下入り"
連結子会社(50%超),6744,能美防災,プライム,2401.6,1.78,9735,セコム,プライム,25675.1,51.89,所有株式数,2026-03-31,https://www.ullet.com/%E8%83%BD%E7%BE%8E%E9%98%B2%E7%81%BD/%E5%A4%A7%E6%A0%AA%E4%B8%BB,
連結子会社(50%超),4506,住友ファーマ,プライム,7220.1,1.77,4005,住友化学,プライム,9584.2,51.76,所有株式数,不明,https://web.fisco.jp/platform/companies/0450600,FISCOは基準日を表示しないため基準日不明。
連結子会社(50%超),3628,データホライゾン,グロース,90.7,45.6,2432,ディー・エヌ・エー,プライム,2354.9,51.49,所有株式数,2026-03-31,https://www.ullet.com/%E3%83%87%E3%83%BC%E3%82%BF%E3%83%9B%E3%83%A9%E3%82%A4%E3%82%BE%E3%83%B3/%E5%A4%A7%E6%A0%AA%E4%B8%BB,"6,535千株"
連結子会社(50%超),3841,ジーダット,スタンダード,51.9,2.04,7595,アルゴグラフィックス,プライム,884.3,51.4,所有株式数,2024-03-31,https://www.jedat.co.jp/wp-content/uploads/2024/06/yuukasyoukenhoukokusyo22nd.pdf,"親子関係あり。第22期有価証券報告書に「アルゴグラフィックスが当社の親会社であり当社は同社の連結子会社」と明記。1,980,000株・51.4%（自己株式控除後）。2026年6月19日付で「支配株主等に関する事項について」を開示しており関係は継続中だが、最新比率は本文取得できず基準日は2024-03-31"
連結子会社(50%超),9565,ＧＬＯＥ,グロース,18.0,3.62,3904,カヤック,グロース,65.2,51.4,議決権,2025-10-31,https://kitaishihon.com/company/9565/board-of-director,親子関係あり。有価証券報告書の関係会社欄に親会社カヤック51.4%と記載
連結子会社(50%超),1948,弘電社,スタンダード,998.3,4.03,6503,三菱電機,プライム,104900.3,51.36,議決権,2026-07-07,https://finance.biggo.jp/news/jpx_tdnet_140120260707588701,2026年5月にきんでんがTOBを実施し42.53%を取得（三菱電機は不応募で51.36%維持）、2026年9月25日に上場廃止予定／2026年5月25日にきんでん(1944)がTOBを発表し2026年7月に成立、きんでんが42.53%取得（三菱電機は不応募合意で51.36%を継続保有、両社合計93.89%）。2026年8月25日付株式併合、2026年9月25日に上場廃止予定
連結子会社(50%超),9691,両毛システムズ,スタンダード,,,7280,ミツバ,プライム,636.0,51.31,議決権,2026-05-15,https://maonline.jp/db/tob/2026/3380,2026年5月にミツバと中部電力が共同TOBを発表（買付期間〜7月8日）。9月中旬時点では東証で売買が継続している／2026-05-15にミツバと中部電力(9502)が共同でTOBを発表（買付期間2026-05-15〜07-08）、成立後は議決権をミツバ80%・中部電力20%として非公開化する予定。2026-09時点では既に上場廃止となっている可能性が高い。数値はTOB前のミツバの保有比率
連結子会社(50%超),3969,エイトレッド,スタンダード,105.0,1.86,3371,ソフトクリエイトホールディングス,プライム,553.7,51.29,所有株式数,2026-03-31,https://www.ullet.com/%E3%82%A8%E3%82%A4%E3%83%88%E3%83%AC%E3%83%83%E3%83%89/%E5%A4%A7%E6%A0%AA%E4%B8%BB,"関係確認。ソフトクリエイトHDが3,840千株51.29%で筆頭株主。会社IRの株式情報ページは基準日が古く(2022年)大株主表なし、Ullet(有報ベース)を採用"
連結子会社(50%超),6391,加地テック,スタンダード,79.2,0.93,7003,三井Ｅ＆Ｓ,プライム,4423.2,51.06,所有株式数,2026-03-31,https://www.kajitech.com/ir/ir-shareholders/,公式IR
連結子会社(50%超),7630,壱番屋,プライム,1731.7,5.45,2810,ハウス食品グループ本社,プライム,3545.3,51.01,所有株式数,2026年,https://www.ullet.com/壱番屋/大株主,
連結子会社(50%超),4714,リソー教育グループ,プライム,362.7,3.49,3003,ヒューリック,プライム,13212.2,51.01,所有株式数,不明,https://web.fisco.jp/platform/companies/0471400,関係あり。2024-05-28のTOB成立＋第三者割当増資払込により親会社異動（当時の議決権所有割合51.00%、出所 https://www.riso-kyoikugroup.com/img/20240528_01_02.pdf ）。FISCO最新大株主表では51.01%。基準日不明
連結子会社(50%超),4997,日本農薬,プライム,919.5,1.64,4401,ＡＤＥＫＡ,プライム,4433.7,51.0,所有株式数,2026-03-31,https://www.nichino.co.jp/ir/page_10093.html,公式IR。発行済株式総数に対する割合
連結子会社(50%超),3909,ショーケース,スタンダード,16.6,0.99,254A,ＡＩフュージョンキャピタルグループ,スタンダード,105.7,51.0,所有株式数,不明,https://web.fisco.jp/platform/companies/0390900,関係あり。2024年11-12月のTOB（成立、決済2024-12-19）と第三者割当増資により連結子会社化。FISCO大株主表で51.00%。上場は維持。基準日不明
連結子会社(50%超),4326,インテージホールディングス,プライム,765.5,2.25,9432,ＮＴＴ,プライム,143662.5,50.95,所有株式数,不明,https://web.fisco.jp/platform/companies/0432600,2023年のNTTドコモによるTOBで子会社化。直接の親会社はNTTドコモで、上場親会社はNTT(9432)。FISCOは基準日を表示しないため基準日不明。
連結子会社(50%超),7102,日本車輌製造,プライム,523.8,0.62,9022,東海旅客鉄道,プライム,36218.9,50.95,所有株式数,不明,https://web.fisco.jp/platform/companies/0710200,FISCOは基準日を表示しないため基準日不明。
連結子会社(50%超),4479,マクアケ,グロース,123.0,2.02,4751,サイバーエージェント,プライム,6389.4,50.87,所有株式数,2026-03-31,https://s.kabutan.jp/stocks/4479/stockholders/,
連結子会社(50%超),2806,ユタカフーズ,スタンダード,133.2,0.58,2875,東洋水産,プライム,9251.0,50.86,所有株式数,2026-03-31,https://www.ullet.com/%E3%83%A6%E3%82%BF%E3%82%AB%E3%83%95%E3%83%BC%E3%82%BA/%E5%A4%A7%E6%A0%AA%E4%B8%BB,Ullet（EDINET由来の二次情報）。公式IR・株探・IRBANKは403等で取得不可のため一次情報未確認
連結子会社(50%超),4847,インテリジェント　ウェイブ,プライム,400.6,3.98,7912,大日本印刷,プライム,12666.9,50.73,所有株式数,不明,https://web.fisco.jp/platform/companies/0484700,FISCOは基準日を表示しないため基準日不明。
連結子会社(50%超),8278,フジ,プライム,1771.9,0.79,8267,イオン,プライム,36339.6,50.6,所有株式数,2026年,https://www.ullet.com/フジ/大株主,
連結子会社(50%超),4091,日本酸素ホールディングス,プライム,23768.0,1.88,4188,三菱ケミカルグループ,プライム,16154.8,50.59,所有株式数,2026-03-31,https://www.ullet.com/%E6%97%A5%E6%9C%AC%E9%85%B8%E7%B4%A0%E3%83%9B%E3%83%BC%E3%83%AB%E3%83%87%E3%82%A3%E3%83%B3%E3%82%B0%E3%82%B9/%E5%A4%A7%E6%A0%AA%E4%B8%BB,
連結子会社(50%超),4113,田岡化学工業,スタンダード,115.1,0.59,4005,住友化学,プライム,9584.2,50.58,所有株式数,2026-03-31,https://www.taoka-chem.co.jp/ir/shareholders.html,"関係確認。会社IR「株主・株式情報」で住友化学が7,247,000株50.58%の筆頭株主"
連結子会社(50%超),7421,カッパ・クリエイト,プライム,806.4,8.55,7616,コロワイド,プライム,2121.9,50.57,議決権,2026-03-31,https://www.kappa-create.co.jp/company/governance.pdf,"コーポレートガバナンス報告書（2026-06-25更新）。直接の親会社はSPCカッパ（コロワイドが普通株式100%保有）。所有株式数ベースでは50.54%（24,943,302株）"
連結子会社(50%超),3178,チムニー,スタンダード,232.1,3.63,9994,やまや,スタンダード,221.7,50.53,所有株式数,2026-03-31,https://www.ullet.com/%E3%83%81%E3%83%A0%E3%83%8B%E3%83%BC/%E5%A4%A7%E6%A0%AA%E4%B8%BB,
連結子会社(50%超),7513,コジマ,プライム,1122.3,1.53,3048,ビックカメラ,プライム,2950.7,50.47,議決権,2025-08-31,https://kitaishihon.com/company/7513/board-of-director,親子関係あり。有価証券報告書の関係会社欄に親会社ビックカメラ（被所有）50.47%と記載。完全子会社化の観測記事はあるが正式な発表は確認できず
連結子会社(50%超),5659,日本精線,プライム,434.0,1.02,5471,大同特殊鋼,プライム,4865.4,50.37,所有株式数,2026-03-31,https://www.ullet.com/%E6%97%A5%E6%9C%AC%E7%B2%BE%E7%B7%9A/%E5%A4%A7%E6%A0%AA%E4%B8%BB,関係確認。大同特殊鋼が50.37%で筆頭株主(2021年のTOBで出資比率を51%に引き上げ済)。直近の追加TOB・完全子会社化の発表は確認できず
連結子会社(50%超),8892,エスコン,プライム,1067.2,1.3,9502,中部電力,プライム,22004.6,50.3,所有株式数,2026-03-31,https://en.es-conjapan.co.jp/investor/stock/,"関係確認。会社IR(英文)の大株主表で中部電力が49,599,000株50.3%。2021年に中部電力が連結子会社化。上場は継続中"
連結子会社(50%超),1871,ピーエス・コンストラクション,プライム,1021.1,1.59,1801,大成建設,プライム,20571.8,50.2,議決権,2026-06-26,https://japanir.jp/company/company-1871/ir/1871-20260626-01_wp_disclosure_update/,2023年12月の大成建設によるTOBで親会社化。2024年7月5日付コーポレートガバナンス報告書では50.19%（https://finance-frontend-pc-dist.west.edge.storage-yahoo.jp/disclosure/20240705/20240618530927.pdf）。基準日は開示更新日
連結子会社(50%超),3391,ツルハホールディングス,プライム,9793.6,1.12,8267,イオン,プライム,36339.6,50.11,議決権,2026-01-14,https://www.aeon.info/wp-content/uploads/news/pdf/2026/01/260107R_1.pdf,"2026年1月のTOB成立でイオンの連結子会社化(決済開始日2026-01-14)。数値は公開買付け後の株券等所有割合(議決権2,286,323個)"
連結子会社(50%超),4615,神東塗料,スタンダード,44.2,0.34,4611,大日本塗料,プライム,447.9,50.1,所有株式数,2025-03-31,https://www.shintopaint.co.jp/ir/pdf/meeting/2025_0630.pdf,"関係あり。2025年2月の大日本塗料によるTOBで子会社化。第131回定時株主総会招集通知の大株主の状況で17,052千株・50.10%（2025年3月31日現在）。議決権ベースではなく所有株式数ベース"
連結子会社(50%超),8570,イオンフィナンシャルサービス,プライム,3510.3,0.74,8267,イオン,プライム,36339.6,49.99,議決権,2025-02-28,https://www.aeonfinancial.co.jp/-/media/AeonGroup/Aeonfinancial/Files/activity/governance/governance/2025/govenance250526.pdf?sc_lang=ja-JP,議決権49.99%（間接所有含む）。イオンの連結子会社／イオングループ各社による間接所有を含む議決権比率。2025年5月26日付コーポレートガバナンス報告書の記載
連結子会社(50%超),7182,ゆうちょ銀行,プライム,116263.2,1.26,6178,日本郵政,プライム,69111.8,49.87,所有株式数,2026-03-31,https://www.ullet.com/ゆうちょ銀行/大株主,日本郵政の保有は49.87%だが、実質支配力基準で連結子会社
連結子会社(50%超),6050,イー・ガーディアン,プライム,210.3,1.72,3962,チェンジホールディングス,プライム,699.2,49.7,所有株式数,不明,https://web.fisco.jp/platform/companies/0605000?fm=mj,議決権49.70%だが、チェンジHDは実質支配力基準で連結子会社と公表／関係あり（要注意）。2023年10月のTOB結果開示の表題は「その他の関係会社及び主要株主である筆頭株主の異動」で「親会社の異動」ではない。チェンジHDは連結子会社化を公表。FISCO大株主表で49.70%と議決権50%未満のため、親会社該当かは会社側資料で要再確認。基準日不明
連結子会社(50%超),4645,市進ホールディングス,スタンダード,35.4,1.55,9470,学研ホールディングス,プライム,442.9,49.7,議決権,2026-02-28,https://kitaishihon.com/company/4645/board-of-director,議決権49.7%だが実質支配力基準で連結子会社／親子関係あり。2023年7月に学研HDが市進HDを連結子会社化。有報の関係会社欄に被所有49.7%。50%未満だが実質支配力基準で連結子会社。直近のTOB・完全子会社化の発表は確認できず
連結子会社(50%超),3929,ソーシャルワイヤー,グロース,28.6,1.59,6562,ジーニー,グロース,122.3,49.0,議決権,2026-03-31,https://kitaishihon.com/company/3929/board-of-director,議決権49.0%だが有報上「親会社」と記載／親子関係あり。2024年7月1日の第三者割当増資でジーニーが49%取得、取締役過半数派遣により実質支配力基準で連結子会社・親会社の異動を開示済み。50%未満だが有報上「親会社」と記載
連結子会社(50%超),9946,ミニストップ,プライム,523.9,2.2,8267,イオン,プライム,36339.6,48.71,所有株式数,2026-02-28,https://www.ullet.com/ミニストップ/大株主,イオン直接48.71%＋イオンフィナンシャルサービス1.39%でグループ計約50.1%。イオンの連結子会社／イオンフィナンシャルサービス1.39%を含めるとグループ計約50.1%
連結子会社(50%超),5282,ジオスター,スタンダード,124.1,0.5,5401,日本製鉄,プライム,36322.7,44.1,議決権,2025-03-31,https://www.geostr.co.jp/wp-content/uploads/20250515_controlling_stockholder.pdf,議決権44.10%だが有報の支配株主等開示で日本製鉄を親会社と記載／関係あり。会社開示「支配株主等に関する事項」で日本製鉄の議決権所有割合44.10%（直接40.70%＋間接3.40%）。過半数未満だが実質支配基準により親会社扱い
連結子会社(50%超),8891,ＡＭＧホールディングス,スタンダード,58.9,0.48,7593,ＶＴホールディングス,プライム,599.1,43.49,議決権,2026-03-31,https://kitaishihon.com/company/8891/board-of-director,議決権43.49%だが有報上「親会社」と記載／親子関係あり。有価証券報告書の「（親会社）」欄にVTホールディングス43.49%と記載。50%未満だが実質支配力基準により親会社
連結子会社(50%超),9049,京福電気鉄道,スタンダード,,,9045,京阪ホールディングス,プライム,3253.0,43.17,所有株式数,不明,https://web.fisco.jp/platform/companies/0904900,議決権43.17%だが京阪HDを親会社と記載／関係あり。FISCO大株主表で京阪HD 43.17%の筆頭株主。日本語版Wikipediaでも2024-03-31時点で43.17%。議決権過半数未満だが京阪HDの連結子会社。FISCO側の基準日は記載なし
連結子会社(50%超),2737,トーメンデバイス,プライム,2506.1,3.55,8015,豊田通商,プライム,69979.1,26.62,所有株式数,不明,https://web.fisco.jp/platform/companies/0273700,豊田通商直接26.62%＋ネクスティエレクトロニクス23.51%でグループ計約50.1%／豊田通商の直接保有は26.62%。別に第2位株主ネクスティエレクトロニクス（豊田通商グループ）が23.51%を保有し合計約50.1%。FISCOは基準日を表示しないため基準日不明。
連結子会社(50%超),3222,ユナイテッド・スーパーマーケット・ホールディングス,スタンダード,1741.7,0.85,8267,イオン,プライム,36339.6,18.44,所有株式数,不明,https://web.fisco.jp/platform/companies/0322200,イオン直接18.44%＋イオンマーケットインベストメント34.33%でグループ計約52.8%／イオンの直接保有は18.44%。筆頭株主はイオンマーケットインベストメント34.33%で、イオングループ計約52.8%。FISCOは基準日を表示しないため基準日不明。
連結子会社(50%超),9636,きんえい,スタンダード,117.1,6.17,9041,近鉄グループホールディングス,プライム,6744.6,5.87,所有株式数,不明,https://web.fisco.jp/platform/companies/0963600,近鉄GHD直接5.87%＋退職給付信託口45.55%＋近鉄保険サービス9.00%でグループ計約60.4%／近鉄GHDの直接保有は5.87%。筆頭株主は日本マスタートラスト信託銀行（近畿日本鉄道退職給付信託口）45.55%、ほかに近鉄保険サービス9.00%があり近鉄グループ合計は約60.4%。FISCOは基準日を表示しないため基準日不明。
連結子会社(50%超),4765,ＳＢＩグローバルアセットマネジメント,プライム,867.0,2.69,8473,ＳＢＩホールディングス,プライム,21149.9,,不明,不明,https://www.ullet.com/%EF%BC%B3%EF%BC%A2%EF%BC%A9%E3%82%B0%E3%83%AD%E3%83%BC%E3%83%90%E3%83%AB%E3%82%A2%E3%82%BB%E3%83%83%E3%83%88%E3%83%9E%E3%83%8D%E3%82%B8%E3%83%A1%E3%83%B3%E3%83%88/%E5%A4%A7%E6%A0%AA%E4%B8%BB,SBI HD名義の直接保有はないが、SBIアセットマネジメントグループ43.7%＋SBIファイナンシャルサービシーズ12.6%でグループ計約56.3%／SBIホールディングス名義の直接保有は上位5位に不在。SBIアセットマネジメントグループ43.7%+SBIファイナンシャルサービシーズ12.6%(いずれもSBI HD傘下)で合計約56.3%。間接保有比率は未確認
持分法適用など(20〜50%),7222,日産車体,スタンダード,1257.0,0.67,7201,日産自動車,プライム,10919.2,50.0,所有株式数,2026-03-31,https://www.nissan-shatai.co.jp/IR/STOCK/SHARES/index.html,公式IR。ちょうど50.00%。第2位にエフィッシモ関連とみられるイーシーエム エムエフ22.59%
持分法適用など(20〜50%),7181,かんぽ生命保険,プライム,19500.7,0.42,6178,日本郵政,プライム,69111.8,49.75,所有株式数,2026-03-31,https://www.ullet.com/%E3%81%8B%E3%82%93%E3%81%BD%E7%94%9F%E5%91%BD%E4%BF%9D%E9%99%BA/%E5%A4%A7%E6%A0%AA%E4%B8%BB,"親会社が筆頭株主だが50%をわずかに下回る。株探(2026-03-31)では48.38%/179,898千株=発行済株式数ベース、ullet49.75%は自己株式を除くベース。https://s.kabutan.jp/stocks/7181/stockholders/"
持分法適用など(20〜50%),1930,北陸電気工事,プライム,442.2,0.96,9505,北陸電力,プライム,2399.3,49.38,所有株式数,2026-03-31,https://www.kabutore.biz/genzaikabuka/okabunushi1930.html,2025年8月に北陸電力の連結子会社から持分法適用会社（その他の関係会社）へ異動／2025年8月に北陸電力の連結子会社から持分法適用会社（その他の関係会社）へ異動し親子上場は解消済み（日経報道「北陸電気工事、北陸電力の持ち分法適用会社に」2025-08-22適時開示）
持分法適用など(20〜50%),5838,楽天銀行,プライム,10776.0,2.74,4755,楽天グループ,プライム,15455.0,49.26,所有株式数,2026-03-31,https://s.kabutan.jp/stocks/5838/stockholders/,保有比率は既に50%未満。2026-05-20に楽天銀行が楽天カード・楽天証券HDを株式交付で子会社化するフィンテック事業再編の最終合意が発表されており（https://corp.rakuten.co.jp/news/press/2026/0520_11.html ）、資本関係が変動する見込み
持分法適用など(20〜50%),7849,スターツ出版,スタンダード,114.9,1.06,8850,スターツコーポレーション,プライム,2256.4,48.59,所有株式数,不明,https://web.fisco.jp/platform/companies/0784900,"比率はFISCO。会社IR（https://starts-pub.jp/ir/stockholder ・2025-12-31現在）でスターツコーポレーション1,865,600株が筆頭株主、関係会社スターツアメニティーが806,000株（20.99%）を保有。FISCOの比率には基準日表示がないため基準日は不明とした。"
持分法適用など(20〜50%),7299,フジオーゼックス,スタンダード,177.5,0.54,5471,大同特殊鋼,プライム,4865.4,47.9,所有株式数,2026-03-31,https://www.ullet.com/%E3%83%95%E3%82%B8%E3%82%AA%E3%83%BC%E3%82%BC%E3%83%83%E3%82%AF%E3%82%B9/%E5%A4%A7%E6%A0%AA%E4%B8%BB,関係確認だが単独では過半数未満。大同特殊鋼47.9%が筆頭株主、第2位の大同興業5.51%を合わせると大同グループで過半数。直近のTOB・完全子会社化の発表は確認できず
持分法適用など(20〜50%),7942,ＪＳＰ,プライム,777.6,0.7,4182,三菱瓦斯化学,プライム,7375.8,47.74,議決権,2023-12-22,https://www.mgc.co.jp/corporate/news/2023/231031.html,2023年に資本業務提携を解消しJSPの自己株式公開買付けに応募、2023-12-22付でJSPは連結子会社から外れ持分法適用関連会社に。数値は応募後見込み。現時点（2026年）の最新比率は一次情報を確認できず（株探・IRBANK・日経・みんかぶが403/robots拒否、Web検索回数上限）
持分法適用など(20〜50%),2678,アスクル,プライム,1112.9,2.33,4689,ＬＩＮＥヤフー,プライム,36821.8,46.89,所有株式数,2026-05-20,https://www.askul.co.jp/corp/investor/stock/infomation/,"関係確認。アスクルIR「株式の状況」でLINEヤフーが筆頭株主(41,980,900株/発行済89,771,300株)。TOB・完全子会社化の発表は確認できず"
持分法適用など(20〜50%),2705,大戸屋ホールディングス,スタンダード,642.4,14.99,7616,コロワイド,プライム,2121.9,46.79,所有株式数,2023-03-31,https://www.ullet.com/%E5%A4%A7%E6%88%B8%E5%B1%8B%E3%83%9B%E3%83%BC%E3%83%AB%E3%83%87%E3%82%A3%E3%83%B3%E3%82%B0%E3%82%B9/%E5%A4%A7%E6%A0%AA%E4%B8%BB,閲覧できたデータが2023年3月期と古い。株探・バフェットコード・日経等が403/robots制限で最新基準日を確認できず
持分法適用など(20〜50%),2281,プリマハム,プライム,1209.8,1.0,8001,伊藤忠商事,プライム,161222.3,46.19,所有株式数,2026-03-31,https://s.kabutan.jp/stocks/2281/stockholders/,伊藤忠食品も4.48%保有。伊藤忠商事は連結子会社として開示（2026年5月8日適時開示で「当社子会社（プリマハム）」と記載）
持分法適用など(20〜50%),2226,湖池屋,スタンダード,522.2,2.44,2897,日清食品ホールディングス,プライム,8435.4,45.1,所有株式数,2026-03-31,https://www.ullet.com/%E6%B9%96%E6%B1%A0%E5%B1%8B/%E5%A4%A7%E6%A0%AA%E4%B8%BB,親会社が筆頭株主。2位は一般社団法人湖池の会15.01%
持分法適用など(20〜50%),3686,ディー・エル・イー,スタンダード,26.1,0.65,9405,朝日放送グループホールディングス,プライム,366.6,45.0,所有株式数,不明,https://web.fisco.jp/platform/companies/0368600?fm=mj,関係解消済み（親子上場に該当しない）。2024年5月に朝日放送GHDが2.00%売却し51.75%→49.75%となり、連結子会社から持分法適用関連会社へ異動。現在FISCO大株主表で45.00%の筆頭株主だが親会社ではない。基準日不明
持分法適用など(20〜50%),1946,トーエネック,プライム,2104.8,1.35,9502,中部電力,プライム,22004.6,44.6,所有株式数,2026-03-31,https://www.ullet.com/%E3%83%88%E3%83%BC%E3%82%A8%E3%83%8D%E3%83%83%E3%82%AF/%E5%A4%A7%E6%A0%AA%E4%B8%BB,親会社が筆頭株主。ullet大株主(2026年3月31日基準)
持分法適用など(20〜50%),6368,オルガノ,プライム,5699.5,4.02,4042,東ソー,プライム,8003.6,44.28,所有株式数,不明,https://web.fisco.jp/platform/companies/0636800,FISCOは基準日を表示しないため基準日不明。
持分法適用など(20〜50%),8700,丸八証券,スタンダード,77.8,1.0,8616,東海東京フィナンシャル・ホールディングス,プライム,2279.3,43.63,所有株式数,2026-03-31,https://www.ullet.com/%E4%B8%B8%E5%85%AB%E8%A8%BC%E5%88%B8/%E5%A4%A7%E6%A0%AA%E4%B8%BB,50%未満
持分法適用など(20〜50%),9369,キユーソー流通システム,スタンダード,738.5,1.58,2809,キユーピー,プライム,6006.0,43.29,所有株式数,2025-11-30,https://www.krs.co.jp/ir/ratio.html,会社IR開示。50%未満
持分法適用など(20〜50%),1941,中電工,プライム,2726.5,1.08,9504,中国電力,プライム,3896.0,41.35,所有株式数,2026-03-31,https://www.chudenko.co.jp/info/stock/,会社IRの「株主・株式情報」記載の持株比率。議決権ベースの数値は未確認。
持分法適用など(20〜50%),7412,アトム,スタンダード,672.1,6.47,7616,コロワイド,プライム,2121.9,41.19,所有株式数,不明,https://web.fisco.jp/platform/companies/0741200,FISCOは基準日を表示しないため基準日不明。
持分法適用など(20〜50%),7036,イーエムネットジャパン,グロース,25.8,3.06,9434,ソフトバンク,プライム,118675.5,40.91,所有株式数,2025-12-31,https://www.ullet.com/イーエムネットジャパン/大株主,
持分法適用など(20〜50%),3769,ＧＭＯペイメントゲートウェイ,プライム,6697.4,5.35,9449,ＧＭＯインターネットグループ,プライム,3722.5,40.72,所有株式数,不明,https://web.fisco.jp/platform/companies/0376900,FISCOは基準日を表示しないため基準日不明。
持分法適用など(20〜50%),9434,ソフトバンク,プライム,118675.5,4.08,9984,ソフトバンクグループ,プライム,359887.0,39.92,所有株式数,2026-03-31,https://s.kabutan.jp/stocks/9434/stockholders/,保有名義はソフトバンクグループジャパン(SBG100%子会社)。SBG本体名義の直接保有は上位に不在
持分法適用など(20〜50%),3461,パルマ,スタンダード,42.4,1.91,3245,ディア・ライフ,プライム,548.6,39.29,所有株式数,不明,https://web.fisco.jp/platform/companies/0346100,【リスト誤りの可能性】上位10大株主に中部電力は存在せず、中部電力との資本関係を示す情報は確認できなかった。筆頭株主はディア・ライフ(3245)39.29%、次いで日本郵政キャピタル18.92%。持株比率が過半に満たないため「親会社」該当かは未確認。
持分法適用など(20〜50%),1934,ユアテック,プライム,1814.7,1.17,9506,東北電力,プライム,6896.0,39.19,所有株式数,2026-03-31,https://www.ullet.com/%E3%83%A6%E3%82%A2%E3%83%86%E3%83%83%E3%82%AF/%E5%A4%A7%E6%A0%AA%E4%B8%BB,
持分法適用など(20〜50%),2393,日本ケアサプライ,スタンダード,694.7,3.86,8058,三菱商事,プライム,181134.3,38.52,所有株式数,2026-03-31,https://www.ullet.com/%E6%97%A5%E6%9C%AC%E3%82%B1%E3%82%A2%E3%82%B5%E3%83%97%E3%83%A9%E3%82%A4/%E5%A4%A7%E6%A0%AA%E4%B8%BB,三菱商事が筆頭株主だが50%未満。第2位はALSOK(綜合警備保障)30.57%
持分法適用など(20〜50%),8844,コスモスイニシア,スタンダード,418.8,0.75,1925,大和ハウス工業,プライム,28238.6,38.21,所有株式数,2025-03-31,https://www.cigr.co.jp/irinfo/stock/constitution/,2024-01-11に大和ハウスが保有株式の一部を共立メンテナンスへ譲渡（共立メンテナンス25.02%）。大和ハウスは38.21%で過半に達せず。公式IRの掲載が2025-03-31基準のままで、2026年基準のデータは未確認
持分法適用など(20〜50%),8572,アコム,スタンダード,7615.3,1.06,8306,三菱ＵＦＪフィナンシャル・グループ,プライム,407458.7,37.57,所有株式数,2026-03-31,https://www.acom.co.jp/corp/ir/stock/outline/,三菱UFJ信託銀行2.01%を含めると約39.6%
持分法適用など(20〜50%),8254,さいか屋,スタンダード,19.0,1.32,2927,ＡＦＣ−ＨＤアムスライフサイエンス,スタンダード,124.3,37.08,所有株式数,不明,https://web.fisco.jp/platform/companies/0825400,関係あり。2021-05-26の第三者割当増資でAFC-HDの連結子会社化。FISCO大株主表で184千単位・37.08%の筆頭株主。2026年5月にAFC-HDが保有割合減少の変更報告書No.4を提出。株式交換によりAFC-HDが完全親会社となる予定で2027-03-01上場廃止予定。基準日不明
持分法適用など(20〜50%),2698,キャンドゥ,スタンダード,520.0,4.83,8267,イオン,プライム,36339.6,35.55,所有株式数,2026-02-28,https://s.kabutan.jp/stocks/2698/stockholders/,2021年10月にイオンがTOBを発表し子会社化。株探掲載の直近大株主データでは35.55%と過半数未満で、有報ベースの議決権比率は未確認
持分法適用など(20〜50%),5016,ＪＸ金属,プライム,31937.1,5.2,5020,ＥＮＥＯＳホールディングス,プライム,38026.8,35.27,議決権,2026-07-09,https://www.hd.eneos.co.jp/news/release_information/upload/20260511_01_01_mr02.pdf,株式保有はあるが親子（連結子会社）関係は解消済み。2025年3月19日の上場時にENEOSは持分法適用会社へ移行。2026年5-6月のJX金属による自己株式公開買付けに応募し42.38%→35.27%（決済開始日2026-07-09）。JX金属の有報では「その他の関係会社」として2026-03-31現在42.44%と記載
持分法適用など(20〜50%),1942,関電工,プライム,11031.3,2.86,9501,東京電力ホールディングス,プライム,8810.1,34.46,所有株式数,2026-03-31,https://the-shashi.com/tse/1942/shareholders/,直接の筆頭株主は東京電力パワーグリッド（東京電力HDの完全子会社）。2025年3月時点46.35%→2026年3月34.46%へ低下しており、TEPCO側の保有株式売却があった可能性。一次情報（関電工有報）は未確認
持分法適用など(20〜50%),4816,東映アニメーション,スタンダード,6117.1,3.63,9605,東映,プライム,3780.5,34.32,所有株式数,2026-03-31,https://www.ullet.com/%E6%9D%B1%E6%98%A0%E3%82%A2%E3%83%8B%E3%83%A1%E3%83%BC%E3%82%B7%E3%83%A7%E3%83%B3/%E5%A4%A7%E6%A0%AA%E4%B8%BB,東映単体は50%未満(第2位テレビ朝日20%、第4位東映ビデオ3.31%)
持分法適用など(20〜50%),8566,リコーリース,プライム,2123.8,0.88,7752,リコー,プライム,9293.6,33.57,所有株式数,2026-03-31,https://www.ullet.com/%E3%83%AA%E3%82%B3%E3%83%BC%E3%83%AA%E3%83%BC%E3%82%B9/%E5%A4%A7%E6%A0%AA%E4%B8%BB,親会社が筆頭株主だが過半数未満。2位にみずほリース19.92%
持分法適用など(20〜50%),8410,セブン銀行,プライム,4001.6,1.43,3382,セブン＆アイ・ホールディングス,プライム,45794.6,33.4,議決権,2026-03-31,https://finance.biggo.jp/news/jpx_tdnet_140120260508519112,【関係変化】2025年6月にセブン＆アイが保有比率を39.9%へ引き下げ持分法適用会社化。TDnet「支配株主等に関する事項について」（2026-03-31基準）ではセブン＆アイは「その他の関係会社」で議決権33.40%（間接）、セブン-イレブン・ジャパンが直接33.40%、伊藤忠商事20.43%。親会社には該当しない。
持分法適用など(20〜50%),248A,キッズスター,グロース,21.2,0.88,4376,くふうカンパニーホールディングス,グロース,104.3,33.4,所有株式数,不明,https://web.fisco.jp/platform/companies/0248A00?fm=mj,関係あり。2024年9月上場時はくふうカンパニーHDの連結子会社（TDnet「連結子会社（株式会社キッズスター）の上場承認に関するお知らせ」2024-08-23）。FISCO大株主表で33.40%だが基準日記載なし。QUICK見出しではくふうカンパニーの大量保有62.71%（創業者穐田誉輝氏26.94%との共同保有とみられる）。議決権ベース・基準日は未確認
持分法適用など(20〜50%),3116,トヨタ紡織,プライム,3995.7,0.81,7203,トヨタ自動車,プライム,358215.5,32.43,所有株式数,2026-03-31,https://strainer.jp/companies/JP-3116/ownership,トヨタ単独では50%未満。トヨタ不動産10.27%、豊田自動織機4.34%等グループ保有あり（ullet https://www.ullet.com/%E3%83%88%E3%83%A8%E3%82%BF%E7%B4%A1%E7%B9%94/%E5%A4%A7%E6%A0%AA%E4%B8%BB でも同値）
持分法適用など(20〜50%),4685,菱友システムズ,スタンダード,346.3,1.57,7011,三菱重工業,プライム,130342.5,31.21,所有株式数,2026-03-31,https://www.ullet.com/%E8%8F%B1%E5%8F%8B%E3%82%B7%E3%82%B9%E3%83%86%E3%83%A0%E3%82%BA/%E5%A4%A7%E6%A0%AA%E4%B8%BB,"関係確認だが過半数未満。三菱重工が3,980千株31.21%で筆頭株主(第2位は従業員持株会20.43%)。連結子会社か持分法適用関連会社かは本調査では未確認"
持分法適用など(20〜50%),2588,プレミアムウォーターホールディングス,スタンダード,806.2,3.59,9435,光通信,プライム,16921.2,29.62,所有株式数,不明,https://www.ullet.com/%E3%83%97%E3%83%AC%E3%83%9F%E3%82%A2%E3%83%A0%E3%82%A6%E3%82%A9%E3%83%BC%E3%82%BF%E3%83%BC%E3%83%9B%E3%83%BC%E3%83%AB%E3%83%87%E3%82%A3%E3%83%B3%E3%82%B0%E3%82%B9/%E5%A4%A7%E6%A0%AA%E4%B8%BB,光通信本体の直接保有は29.62%（第2位）。筆頭はHCMAアルファ40.44%で、光通信グループ合算は約69.6%との報道／光通信本体は第2位。筆頭はHCMAアルファ40.44%(光通信系)。光通信グループ合算は大量保有報告ベースで約69.56%との報道あり。ullet表示は2026年時点だが基準日の明示なし
持分法適用など(20〜50%),7211,三菱自動車工業,プライム,4933.2,0.54,8058,三菱商事,プライム,181134.3,26.67,所有株式数,2026-03-31,https://www.ullet.com/%E4%B8%89%E8%8F%B1%E8%87%AA%E5%8B%95%E8%BB%8A%E5%B7%A5%E6%A5%AD/%E5%A4%A7%E6%A0%AA%E4%B8%BB,筆頭株主は日産自動車26.67%。リスト記載の三菱商事は第2位で22.23%。いずれも50%未満で連結子会社ではない
持分法適用など(20〜50%),5482,愛知製鋼,プライム,2075.2,0.88,7203,トヨタ自動車,プライム,358215.5,24.69,所有株式数,2026年,https://www.ullet.com/愛知製鋼/大株主,豊田自動織機（非上場化済み）8.47%を含むとトヨタグループ計約33%
持分法適用など(20〜50%),6473,ジェイテクト,プライム,6630.9,0.82,7203,トヨタ自動車,プライム,358215.5,24.26,所有株式数,不明,https://www.ullet.com/%E3%82%B8%E3%82%A7%E3%82%A4%E3%83%86%E3%82%AF%E3%83%88/%E5%A4%A7%E6%A0%AA%E4%B8%BB,親会社が筆頭株主だが過半数未満(持分法適用関連会社の可能性)。ullet表示は2026年時点だが基準日の明示なし
持分法適用など(20〜50%),8425,みずほリース,プライム,3827.4,0.85,8411,みずほフィナンシャルグループ,プライム,205630.6,23.09,所有株式数,2026-03-31,https://edinetdb.jp/company/E05426/shareholders,みずほFGは23.09%で過半に達せず、丸紅が20.00%を保有する共同出資に近い構造。連結子会社ではなく持分法適用関連会社とみられる。EDINET DBの表記は「FY2026」
持分法適用など(20〜50%),1959,クラフティア,プライム,5720.3,1.65,9508,九州電力,プライム,10063.1,22.55,所有株式数,2026-03-31,https://s.kabutan.jp/stocks/1959/stockholders/,九州電力の持分22.55%。連結子会社ではなく持分法適用関連会社／旧・九電工。九州電力の保有は22.55%で過半数未満のため子会社ではなく持分法適用関連会社
持分法適用など(20〜50%),3315,日本コークス工業,プライム,288.1,0.85,5401,日本製鉄,プライム,36322.7,22.55,所有株式数,不明,https://edinetdb.jp/company/E00030/shareholders,"65,628,595株。住友商事も19.43%保有。日本製鉄は50%未満で筆頭株主（その他の関係会社）。出所は有報FY2026データだが具体的な基準日が明記されておらず未確認"
持分法適用など(20〜50%),7259,アイシン,プライム,15577.9,0.74,7203,トヨタ自動車,プライム,358215.5,22.34,所有株式数,2026-03-31,https://www.ullet.com/%E3%82%A2%E3%82%A4%E3%82%B7%E3%83%B3/%E5%A4%A7%E6%A0%AA%E4%B8%BB,"親会社が筆頭株主だが過半数未満。株探(2026-03-31)では21.32%/161,828千株=発行済株式数ベース、ullet22.34%は自己株式を除くベース。豊田自動織機3.2%も保有。https://s.kabutan.jp/stocks/7259/stockholders/"
持分法適用など(20〜50%),6902,デンソー,プライム,48011.7,0.94,7203,トヨタ自動車,プライム,358215.5,22.24,所有株式数,2026-03-31,https://www.denso.com/jp/ja/about-us/investors/stock/overview/,トヨタ単独では22.24%で過半に遠く、デンソーはトヨタの連結子会社ではなく持分法適用関連会社。豊田自動織機5.85%・トヨタ不動産4.94%等を含めたトヨタグループ合計では比率が上がる
持分法適用など(20〜50%),3850,エヌ・ティ・ティ・データ・イントラマート,スタンダード,192.2,3.27,9432,ＮＴＴ,プライム,143662.5,21.75,所有株式数,2026-03-31,https://www.intra-mart.jp/ir/stock.html,"直接の保有者は非上場のNTTデータ（21.75%）。NTTは間接保有／資本関係はあるが「親子」と言えるかは要注意。直接の筆頭株主は(株)NTTデータ(NTTデータグループ9613傘下=NTT9432の間接保有)で1,059,400株21.75%。過半数未満で連結子会社ではなく持分法適用関連会社水準。NTT本体の直接保有は確認できず"
持分法適用など(20〜50%),7282,豊田合成,プライム,6124.6,1.05,7203,トヨタ自動車,プライム,358215.5,21.65,所有株式数,2026-03-31,https://s.kabutan.jp/stocks/7282/stockholders/,トヨタの保有は21.65%で過半数未満（持分法適用関連会社）。連結子会社ではない
持分法適用など(20〜50%),8015,豊田通商,プライム,69979.1,2.7,7203,トヨタ自動車,プライム,358215.5,21.57,所有株式数,2026-03-31,https://s.kabutan.jp/stocks/8015/stockholders/,トヨタの保有は21.57%で過半数未満（持分法適用関連会社）。豊田自動織機も11.12%保有
持分法適用など(20〜50%),7276,小糸製作所,プライム,6809.3,1.11,7203,トヨタ自動車,プライム,358215.5,21.0,所有株式数,2026年,https://www.ullet.com/小糸製作所/大株主,
持分法適用など(20〜50%),8075,神鋼商事,プライム,838.9,0.82,5406,神戸製鋼所,プライム,8181.9,13.32,所有株式数,不明,https://web.fisco.jp/platform/companies/0807500,神戸製鋼所の直接保有13.32%＋退職給付信託21.53%でグループ計約34.9%／神戸製鋼所の直接保有は13.32%。筆頭株主はみずほ信託銀行（退職給付信託神戸製鋼所口）21.53%で、合算すると約34.9%。FISCOは基準日を表示しないため基準日不明。
比率未確認,415A,ＧＭＯ　ＴＥＣＨホールディングス,グロース,86.2,2.42,9449,ＧＭＯインターネットグループ,プライム,3722.5,,不明,不明,,セッションのWeb検索回数上限（200回）に達し新規検索ができず、WebFetchは検索結果に出たURLしか取得できないため情報源に到達できなかった。未確認
比率未確認,3695,ＧＭＯプロダクトプラットフォーム,グロース,72.1,2.91,9449,ＧＭＯインターネットグループ,プライム,3722.5,,不明,不明,https://group.gmo/pdf/news/gmo_news_9710.pdf,株探・IRBANK・バフェット・コード・J-LiC・自社IRサイトがいずれも403等で閲覧できず比率を確認できず。2025-10-01にGMOリサーチ&AIから商号変更。GMOインターネットグループが3695株式の変更報告書(保有減少)を提出との報道あり(数値未確認)
比率未確認,4394,エクスモーション,グロース,41.4,2.48,4284,ソルクシーズ,スタンダード,90.5,,不明,不明,,同上（Web検索上限到達により未確認）

【参考】調査の結果、親子上場に該当しないと判断して除外したもの
区分,子会社コード,子会社名,,,,親会社コード,親会社名,,,,,,,除外理由
除外,3976,シャノン,,,,8001,伊藤忠商事,,,,,,https://www.kabutore.biz/genzaikabuka/okabunushi3976.html,シャノンの親会社はイノベーション（3484/3970）であり伊藤忠商事ではない
除外,3461,パルマ,,,,9502,中部電力,,,,,,https://web.fisco.jp/platform/companies/0346100,中部電力はパルマの大株主上位に不在。筆頭株主はディア・ライフ
除外,3245,ディア・ライフ,,,,9502,中部電力,,,,,,https://www.dear-life.co.jp/ir/stock/,中部電力はディア・ライフの大株主上位に不在。ペア自体が誤り
除外,6807,日本航空電子工業,,,,6701,日本電気,,,,,,https://jpn.nec.com/press/202510/20251030_01.html,NECは2025年10月に保有株の大半を京セラへ譲渡し持株比率0.51%へ
除外,7085,カーブスホールディングス,,,,2157,コシダカホールディングス,,,,,,https://www.ullet.com/%E3%82%AB%E3%83%BC%E3%83%96%E3%82%B9%E3%83%9B%E3%83%BC%E3%83%AB%E3%83%87%E3%82%A3%E3%83%B3%E3%82%B0%E3%82%B9/%E5%A4%A7%E6%A0%AA%E4%B8%BB,2020年のスピンオフ以降、コシダカHDとの資本関係は確認できない
除外,6305,日立建機,,,,6501,日立製作所,,,,,,https://s.kabutan.jp/stocks/6305/stockholders/,日立製作所の持分は18.16%（第2位）。筆頭はHCJIホールディングス25.70%
除外,6955,ＦＤＫ,,,,6702,富士通,,,,,,https://www.ullet.com/%EF%BC%A6%EF%BC%A4%EF%BC%AB/%E5%A4%A7%E6%A0%AA%E4%B8%BB,2025年のTOBで台湾SILITECHが45%を取得し、富士通の持分は17.6%（2026-03-31）に低下
除外,8729,ソニーフィナンシャルグループ,,,,6758,ソニーグループ,,,,,,https://web.fisco.jp/platform/companies/0872900,2025年9月のパーシャル・スピンオフ上場でソニーGの保有は17.39%
除外,1720,東急建設,,,,9005,東急,,,,,,https://info.gbiz.go.jp/hojin/ichiran?hojinBango=9011001040166,東急の持分は14.45%（信託分を含めても約17.8%）で関連会社どまり
除外,9425,ＲｅＹｕｕ　Ｊａｐａｎ,,,,3909,ショーケース,,,,,,https://web.fisco.jp/platform/companies/0942500,2025年3月にショーケースが株式を譲渡し持株比率9.18%へ低下、連結除外
除外,6504,富士電機,,,,5801,古河電気工業,,,,,,https://www.ullet.com/富士電機/大株主,古河電気工業は富士電機の大株主上位に不在（2026-03-31時点の上位5位は信託銀行など）
除外,3064,ＭｏｎｏｔａＲＯ,,,,8053,住友商事,,,,,,https://s.kabutan.jp/stocks/3064/stockholders/,住友商事は大株主上位10位に不在。筆頭株主は米W.W.グレインジャー傘下のGRAINGER GLOBAL HOLDINGS 50.21%で、東証どうしの親子上場には当たらない
除外,8399,琉球銀行,,,,8362,福井銀行,,,,,,https://www.ullet.com/%E7%90%89%E7%90%83%E9%8A%80%E8%A1%8C/%E5%A4%A7%E6%A0%AA%E4%B8%BB,福井銀行は琉球銀行の大株主上位に不在。ペア自体が誤り
除外,5726,大阪チタニウムテクノロジーズ,,,,5713,住友金属鉱山,,,,,,https://s.kabutan.jp/stocks/5726/stockholders/,住友金属鉱山は大阪チタニウムテクノロジーズの大株主上位に不在。ペア自体が誤り
除外,3479,ＴＫＰ,,,,2432,ディー・エヌ・エー,,,,,,https://s.kabutan.jp/stocks/3479/stockholders,ディー・エヌ・エーはTKPの大株主に不在。筆頭株主は非上場のリバーフィールド47.89%
除外,3484,イノベーションホールディングス,,,,8001,伊藤忠商事,,,,,,https://s.kabutan.jp/stocks/3484/stockholders/,イノベーションホールディングス（旧テンポイノベーション）の親会社はクロップス。伊藤忠商事ではない
除外,2497,ユナイテッド,,,,2433,博報堂ＤＹホールディングス,,,,,,https://note.com/united_ir/n/n64f46a5394a9,2025年5月に資本業務提携を解消し、博報堂DYHDは親会社に該当しなくなった
除外,2491,バリューコマース,,,,9984,ソフトバンクグループ,,,,,,https://www.valuecommerce.co.jp/ir/shareholders/,2025年8月にLINEヤフー子会社が保有全株を売却し資本関係は解消
除外,7372,デコルテ・ホールディングス,,,,4495,アイキューブドシステムズ,,,,,,https://www.nihon-ma.co.jp/news/20251112_6071-12/,アイキューブドシステムズの保有を示す公開情報が見つからない。筆頭株主はIBJ
